 angle,col_wd,col_ww,miz_wd,miz_ww,tir_wd,tir_ww
-90,0.2731049061,0.4228194058,0.3810456097,0.8985251784,0.9320247173,1.2735424042
-88,0.2344274372,0.4624783397,0.2000630498,0.5578839779,1.0400948524,1.1380596161
-86,0.2201436907,0.4900983274,0.1939616054,0.5570982099,0.9261401296,1.2131569386
-84,0.3155924678,0.4807507992,0.1829030812,0.5964123011,0.9117048979,1.0950644016
-82,0.2579272389,0.5971105695,0.2561033666,0.720107615,0.9107750058,1.5187016726
-80,0.220699355,0.470490247,0.2273392677,0.6049095392,1.0505350828,1.2269186974
-78,0.2913009524,0.5458139777,0.2343857884,0.6228798032,1.1551400423,1.5144165754
-76,0.3141736686,0.6684398055,0.2342469096,0.6768821478,0.9443036318,1.4109799862
-74,0.308637768,0.636978209,0.2343275249,0.6636458635,1.0144697428,1.1478222609
-72,0.3101667464,0.7372093201,0.290610671,0.7884258628,0.9688742757,1.070292592
-70,0.2885038853,0.8034274578,0.2629785538,0.8275857568,1.088088274,1.1308672428
-68,0.4164242446,0.978327632,0.2860290706,0.7550609112,1.1135299206,0.9398921132
-66,0.483135581,0.88659513,0.3102574646,0.9700205326,1.1079581976,1.1062072515
-64,0.5201755762,1.0322077274,0.281871736,1.2091450691,1.0527794361,1.013553381
-62,0.6462694407,0.9635438919,0.3334860206,0.9169248939,1.0788677931,0.8719998598
-60,0.6891564131,1.0439038277,0.3935219049,1.0274410248,1.1690305471,0.9097348452
-58,0.7599870563,1.1254113913,0.4168063998,1.024241209,1.083165288,0.8213015199
-56,0.8566474319,1.3108408451,0.5743855238,1.0036188364,1.1691930294,0.7371072769
-54,0.8234161139,1.1539282799,0.5532316566,1.0476737022,1.2038290501,0.809009552
-52,0.8715259433,1.1358896494,0.603492856,1.1167849302,1.2193006277,0.9371136427
-50,0.9872694612,1.2247754335,0.7465581894,1.0905820131,1.2022864819,0.7089735866
-48,1.0401326418,1.1259373426,0.7837150097,1.2220847607,1.0527280569,0.673760891
-46,1.6324632168,1.5425190926,1.1239845753,1.5516997576,1.1968817711,0.7445614934
-44,1.1515367031,1.1903806925,0.8967602849,1.1599742174,1.1291818619,0.6488422155
-42,1.2413791418,1.1501464844,0.9133606553,1.3157860041,1.240401268,0.7778072357
-40,1.3483510017,1.179120779,1.093949914,1.2653826475,1.1299433708,0.7481390238
-38,1.2784004211,1.1991454363,1.0676419735,1.2943550348,1.2647583485,0.7601546645
-36,1.2949582338,1.1628921032,1.1072462797,1.5149902105,1.2335079908,0.8926130533
-34,1.4267150164,1.4220517874,1.1367434263,1.2481791973,1.6963344812,1.0134644508
-32,1.4133310318,1.1232256889,1.1627912521,1.2758988142,1.605239749,0.8813925982
-30,1.5359679461,1.0976257324,1.2440596819,1.2428120375,1.707545042,0.9142959118
-28,1.7219511271,1.3130582571,1.4943842888,1.2669707537,1.6218876839,0.9686334729
-26,1.9842284918,1.1952525377,1.7465577126,1.2733371258,1.5286749601,0.985267818
-24,1.7982656956,1.179880023,1.7049536705,1.2736159563,1.5497477055,1.044692874
-22,1.8097747564,1.1811974049,1.8048540354,1.1507506371,1.603063941,1.1033952236
-20,1.9770311117,1.376157403,1.9398542643,1.1978137493,1.946947217,1.1095647812
-18,2.2307891846,1.1535574198,2.024708271,1.2324281931,1.5269014835,1.09714818
-16,2.1074178219,1.3190257549,1.9455523491,1.1029164791,1.7085871696,1.0801736116
-14,2.5408284664,1.3818912506,2.3089420795,1.2245500088,1.788548708,1.3450642824
-12,2.0554106236,1.0701568127,2.0054154396,1.1872432232,1.4371533394,0.9831702113
-10,2.2756888866,1.2593873739,1.9967082739,1.1779686213,1.4897875786,0.9970821142
-8,2.1326742172,1.0668275356,2.0597167015,1.0387226343,1.1459044218,1.132909894
-6,2.3225872517,1.1310719252,2.1823656559,1.0549550056,1.3618267775,1.0528233051
-4,2.4287624359,1.2709236145,2.4021813869,1.1651813984,0.964614749,1.3206093311
-2,2.8931763172,1.5109512806,3.1782746315,1.0624682903,1.5458641052,1.1911025047
1.27222193825778E-013,3.5841648579,1.8039357662,4.2184753418,1.7810535431,1.965411067,1.8123342991
2,2.4975316525,1.3374961615,2.3216724396,1.1396207809,1.3709840775,1.4944490194
4,2.0538542271,1.3551963568,2.1039443016,1.2043169737,1.1437273026,1.4186609983
6,2.0622169971,1.3006075621,2.1641731262,1.2725555897,1.0190335512,1.2772938013
8,2.0091798306,1.4510658979,2.0058262348,1.188428998,1.2569210529,1.1048104763
10,1.9718188047,1.5713454485,2.1799750328,1.2291938066,1.0245769024,1.133215189
12,2.3575210571,1.7121661901,2.2188227177,1.4687700272,0.8853387237,1.1755312681
14,1.919421792,1.6186891794,2.4736993313,1.5081268549,0.8416749835,1.1415385008
16,1.6102385521,1.5054264069,2.4365341663,1.5124850273,0.6271108985,1.0491497517
18,1.6217787266,1.3395138979,2.3866662979,1.4739893675,0.6882422566,1.1522059441
20,1.3261880875,1.5013952255,2.1448664665,1.430116415,0.7795498967,1.1808758974
22,1.3736270666,1.6759710312,1.918014884,1.5282840729,0.7285544872,1.0796695948
24,1.3361814022,1.6678268909,1.9900925159,1.3927397728,0.7770768404,0.9256626964
26,1.270554781,1.6608138084,2.0834109783,1.6371729374,0.7672606707,1.0866210461
28,1.1119617224,1.4787355661,1.8288413286,1.2943214178,0.6766604185,0.8801638484
30,1.134196043,1.5340993404,1.768355608,1.462782979,0.636918366,0.9423779249
32,1.1865440607,1.4198323488,1.5655007362,1.3581086397,0.6265845895,0.8247640729
34,1.2863230705,1.5006787777,1.3885439634,1.3461441994,0.9008013606,0.9761218429
36,1.1653212309,1.5475647449,1.2209980488,1.3705809116,0.8610872626,0.9951142669
38,0.9853582978,1.2215586901,1.1027094126,1.3471946716,0.9238271713,1.0985997915
40,0.9686428308,1.2316250801,0.9661890864,1.4318543673,0.8028721809,1.1046742201
42,0.7167440057,1.3325279951,1.0935961008,1.3537167311,0.7847044468,1.4480255842
44,0.9541929364,1.6277198792,1.1915944815,1.9846836329,1.2446998358,2.0293190479
46,0.7387726903,1.4242206812,0.8280288577,1.2735987902,1.0639309883,1.4168356657
48,0.7442244887,1.3462566137,0.8204442859,1.3326854706,1.0646518469,1.3219509125
50,0.6812483072,1.2248008251,0.6141151786,1.1488648653,0.9926336408,1.3115018606
52,0.5990591645,1.1778924465,0.6344431043,1.209113121,1.2823032141,1.4293226004
54,0.6029248834,1.37111485,0.5546768904,1.1316347122,0.9858607054,1.3688876629
56,0.5838878155,1.2239582539,0.5161533356,1.1230108738,0.9191222787,1.3441236019
58,0.5678890944,1.0693809986,0.434138,1.0773187876,0.9308857322,1.346378684
60,0.4753619432,1.0461189747,0.4041142464,1.0722646713,1.1002895832,1.2569861412
62,0.4335192144,0.9908594489,0.3999092877,1.0831209421,1.2861254215,1.3008546829
64,0.4587451816,0.9079161882,0.3699684143,1.0537062883,1.0797131062,1.2843387127
66,0.3273097277,0.8320370317,0.3540945053,0.9353569746,0.9355118871,1.2632889748
68,0.4062498212,0.834581852,0.3526379764,0.9877437353,0.7830120325,1.3866657019
70,0.4079472423,0.6609526873,0.3116428554,0.9616820812,1.0167280436,1.2217456102
72,0.411836952,0.6551803946,0.282794416,0.7856334448,0.8884471059,0.9761661887
74,0.3468221426,0.6008826494,0.2439944148,0.6961902976,0.9635130763,0.8736283183
76,0.292182833,0.5668586493,0.2189393044,0.6392671466,1.0805792809,0.9924245477
78,0.2652330995,0.4681143761,0.2271137834,0.5610856414,0.807713747,0.9465534091
80,0.3394475579,0.4752056301,0.2238916904,0.5878337622,0.9345211387,0.9603847861
82,0.3029543757,0.5435899496,0.2217469364,0.6398019195,0.8563713431,0.8322857022
84,0.2855359614,0.481125623,0.2297502011,0.5908223391,0.9076654315,1.1264650822
86,0.2462337762,0.5304239988,0.224781543,0.5914670229,0.9533417821,1.1978498697
88,0.2485448122,0.3993117213,0.2377907783,0.6256215572,1.0153375864,1.4487979412
-90,0.2781962156,1.3197746277,0.4741944969,0.8918073773,1.5626918077,1.9312542677
-88,0.2964874208,1.0206296444,0.3411300182,0.700907886,1.2855129242,1.0118309259
-86,0.3195054233,1.0201058388,0.3339504004,0.6132294536,1.2448958158,0.9579868317
-84,0.349059552,1.0737285614,0.3050076962,0.5918987393,1.1664303541,0.8157488108
-82,0.3406659067,1.0998672247,0.3421160877,0.709800899,1.4497748613,0.855601728
-80,0.39903754,0.942784965,0.3194573224,0.6335505843,1.3609462976,0.8579525352
-78,0.4265104532,1.0892834663,0.31544891,0.6869506836,1.7784745693,0.9613332152
-76,0.4795742333,1.0488569736,0.3652729988,0.7460477948,1.4966833591,0.9180474877
-74,0.5061757565,0.9422169328,0.4262399077,0.72378546,1.4863168001,0.8970864415
-72,0.612218976,1.0069828033,0.379440248,0.8510361314,1.3994321823,0.8502586484
-70,0.639413774,1.1709272861,0.5656856298,0.7768124938,1.4554445744,0.6884089112
-68,0.8202848434,1.2720010281,0.4865597188,0.745585978,1.4339740276,0.7272843122
-66,0.7504942417,1.3338367939,0.6375602484,0.7965363264,1.5285983086,0.7018590569
-64,0.9069990516,1.4403295517,0.6110808849,0.7940679193,1.6271970272,0.867844522
-62,0.9550512433,1.4384795427,0.554777801,0.8180559874,1.5232040882,0.7404490709
-60,1.0626764297,1.695327282,0.7654935718,0.890286088,1.343359828,0.7033598423
-58,1.239287734,1.5671098232,0.6761463284,0.8987352252,1.8000907898,0.8319256306
-56,1.1311187744,1.6693758965,0.826187253,1.0213757753,1.4799363613,0.9237676859
-54,1.1860692501,1.407158494,0.7929974198,0.9641271234,1.2109371424,0.7533612251
-52,1.1767497063,1.3423085213,0.9214086533,0.928099215,1.3335127831,0.7385497689
-50,1.0175168514,1.4714363813,1.0511697531,0.8596007824,1.271361351,0.9441859722
-48,1.0769162178,1.3708540201,0.9541047215,0.909870863,1.2396397591,0.9912385345
-46,1.3224455118,1.5732086897,1.2416398525,1.2085182667,1.1885257959,1.138222456
-44,1.1380542517,1.3684234619,1.1466267109,1.0017535686,1.0461660624,0.886950016
-42,1.2852102518,1.4691727161,1.2816317081,0.8531156182,1.0234459639,1.1658722162
-40,1.3469458818,1.5049134493,1.3871296644,0.8843211532,1.0272928476,1.1743173599
-38,1.1072577238,1.5671467781,1.5173648596,1.0058983564,1.1422042847,1.1044147015
-36,1.2723606825,1.7048783302,1.6263689995,1.0830862522,1.1199686527,1.2285631895
-34,1.1700406075,2.0540611744,1.9813808203,1.10653162,1.3254520893,1.237921834
-32,1.2398486137,1.6838256121,2.1163814068,1.1523102522,1.2220782042,1.4712980986
-30,1.2578599453,1.6250315905,1.9443832636,1.0177699327,1.3678077459,1.2780098915
-28,1.3653868437,1.5307276249,1.9479792118,1.1923966408,1.1546905041,1.3767958879
-26,1.3856585026,1.5566898584,2.0497620106,1.1767712831,1.0484029055,1.3699655533
-24,1.4595952034,1.5196812153,2.0642921925,1.2700526714,1.0462362766,1.5448781252
-22,1.6418968439,1.3254905939,1.7902208567,1.3292686939,0.933108151,1.3407084942
-20,1.6298476458,1.3574531078,1.8349792957,1.5363286734,1.094855547,1.3350487947
-18,1.6851381063,1.4716572762,1.9023116827,1.3754571676,1.1302610636,1.6699764729
-16,1.5083600283,1.3936806917,1.8310209513,1.5001159906,0.9995787144,1.6782699823
-14,1.8028357029,1.388880372,2.007712841,1.4786995649,1.0688507557,1.7096195221
-12,1.4567734003,1.0551241636,1.7512311935,1.4779875278,0.8702717423,1.4197478294
-10,1.5162146091,1.0653598309,1.7080349922,1.4441562891,1.0111377239,1.4226154089
-8,1.4923505783,1.1358510256,1.770128727,1.4795117378,0.9371100664,1.2809152603
-6,1.5364249945,1.070409894,1.7694556713,1.5042244196,0.8921348453,1.2839846611
-4,1.8388103247,1.1725171804,1.8813673258,1.3939726353,0.8170856833,1.4260399342
-2,2.0022933483,1.1527125835,2.0607862473,1.4727184772,0.8013026118,1.6008070707
1.27222193825778E-013,2.7851510048,1.3794423342,2.9662446976,1.699843049,1.1451258659,1.9053848982
2,1.573651433,1.134257555,1.7148476839,1.296359539,0.8285836577,1.3030177355
4,1.4203094244,1.0838428736,1.7251330614,1.3150607347,0.9545134902,1.5276685953
6,1.4149317741,1.0310839415,1.6161416769,1.361847043,0.9595149755,1.2469661236
8,1.4630920887,0.8718393445,1.6903355122,1.4357708693,1.0441002846,1.4125916958
10,1.5138301849,0.8749474883,1.8457465172,1.5624269247,0.9477657676,1.4630112648
12,1.7492449284,1.0918148756,2.2664353848,1.5048267841,1.0488880873,1.569722414
14,1.4988651276,0.84046942,1.8927241564,1.5971544981,0.8073286414,1.3176176548
16,1.7003358603,0.8998143077,1.6589580774,1.4386130571,0.7773136497,1.2701812983
18,1.6684607267,0.9618359804,1.7523150444,1.321706295,0.8015750051,1.2045382261
20,1.7019103765,0.8343527913,1.5414056778,1.5007687807,0.8516498208,1.1063137054
22,1.5455327034,0.8290105462,1.4935908318,1.3831595182,0.8399140835,0.9362903833
24,1.6001143456,0.8261360526,1.4328752756,1.2842051983,0.7035898566,1.1119737625
26,1.5291874409,0.8511657119,1.5082293749,1.4923684597,0.8193318844,1.0229010582
28,1.4948275089,0.7491291165,1.3382656574,1.3754107952,0.7560115457,1.1901845932
30,1.5122002363,0.7204192281,1.2897678614,1.4178711176,0.7670160532,1.0730222464
32,1.5655661821,0.6921164393,1.4670138359,1.3689687252,0.8407771587,1.0650624037
34,1.3944379091,0.7183008194,1.3046078682,1.3609335423,0.8046687841,0.9836143851
36,1.5375852585,0.7631553411,1.1169044971,1.5571233034,0.8225015998,0.7652028799
38,1.424554944,0.7196334004,1.0281157494,1.3618980646,0.6671908498,0.934318006
40,1.5441128016,0.8335066438,1.0588643551,1.4025915861,0.8523483276,0.8378366828
42,1.4151550531,0.788708508,0.9354555011,1.3188818693,0.7695076466,0.8924813867
44,1.6028963327,0.8993638754,1.0792483091,1.6073439121,0.9883878231,1.0381102562
46,1.26935637,0.8566439152,0.8524036407,1.1947276592,0.8096950054,0.9687407017
48,1.1681501865,0.9570843577,0.7662628293,1.1704146862,0.8116556406,0.9355041981
50,1.011431694,0.8268342614,0.7972448468,1.1768195629,0.8507524133,0.8223957419
52,1.0274909735,0.8306586742,0.6274456382,1.123275876,0.8531181216,0.7204761505
54,0.9272487164,1.0297156572,0.8039921522,1.3045867682,0.8499151468,0.7881026864
56,0.8490024209,0.8374179006,0.7307741642,1.1365462542,0.9703961611,0.7377809286
58,0.7719471455,0.8169395924,0.6853847504,1.1091915369,0.9600633979,0.7987221479
60,0.7664014697,0.9510152936,0.6294029355,1.0983775854,0.9949906468,0.7680603862
62,0.7307266593,0.8803583384,0.523550868,1.1239570379,1.071985364,0.8606237769
64,0.6910393834,0.85982126,0.5411230922,1.0196075439,1.2294197083,0.8427545428
66,0.6598852873,0.8583657146,0.4543271959,0.9556859136,0.9872888327,0.8808224797
68,0.5729706287,0.8695822954,0.4016903639,0.8936712146,1.2411645651,0.903293848
70,0.4953565598,0.993273437,0.378809154,0.9117669463,1.1764471531,0.9171010852
72,0.4774785042,1.0074791908,0.4891885817,0.8020733595,1.3147844076,1.1553666592
74,0.4509350359,0.8183920383,0.3869100511,0.8577995896,1.3454220295,1.1334501505
76,0.3499032557,1.0183230639,0.3675216734,0.7628557086,1.7195549011,1.3124206066
78,0.2953575253,0.8129782081,0.3157740235,0.6353735328,1.2165496349,1.0295237303
80,0.3242587447,0.759465456,0.3075495064,0.7483097911,1.3925429583,1.2389111519
82,0.2821910381,0.6734631658,0.2867842317,0.6464729905,1.2031620741,1.058835268
84,0.2463766932,0.7255236506,0.3196689785,0.6207178831,1.1862221956,1.2104679346
86,0.2943909466,0.7840124369,0.2651575208,0.62087363,1.1215903759,1.3072166443
88,0.2505276799,0.9480326772,0.2881870568,0.6246258616,1.1492909193,1.6171388626
-90,0.3177610934,0.3887467086,0.3176657557,0.8106539845,0.7492124438,1.6319169998
-88,0.2330646664,0.3311187327,0.2604062557,0.4142642915,0.6555697918,1.115393877
-86,0.261257261,0.3077779114,0.2141127884,0.42454651,0.6081423163,1.1358380318
-84,0.3051713407,0.3748390377,0.2855317891,0.4328259528,0.700586617,1.1086665392
-82,0.2672429085,0.3290202618,0.2942620516,0.5009066463,0.5886616111,1.0447288752
-80,0.3077279031,0.2819101512,0.3114386201,0.4870044291,0.6008160114,1.2769628763
-78,0.3186128139,0.3986535966,0.4034640193,0.4905121624,0.7512168288,1.3000426292
-76,0.3443083465,0.5201681256,0.405911386,0.5797759891,0.780839324,1.2936902046
-74,0.3759921193,0.5243163705,0.3636853099,0.7608947158,0.7045032382,1.3604627848
-72,0.4200031161,0.5378877521,0.401376456,0.7096971273,0.6936985254,1.2778139114
-70,0.4555115402,0.663775146,0.4660252035,0.8095843792,0.6998904347,1.3860428333
-68,0.517873168,0.8185335994,0.5443195105,0.8008374572,0.7156227231,1.2896523476
-66,0.4864306748,0.9727340937,0.5381764174,0.9996496439,0.6493549347,1.6085839272
-64,0.6265926361,0.9663844109,0.570586741,1.2325873375,0.7455499172,1.4927806854
-62,0.7670838237,1.3011491299,0.5463587046,1.1140987873,0.7072038651,1.4750550985
-60,0.7572916746,1.1598523855,0.6222671866,1.3414510489,0.8098396063,1.4294682741
-58,0.9911952019,1.3058542013,0.7512405515,1.3458549976,0.9187514782,1.4070243835
-56,1.0865393877,1.4789706469,0.9613447785,1.6920608282,0.8390969038,1.1818324327
-54,1.0698229074,1.2974401712,0.7843708992,1.4474549294,0.7817683816,1.3370724916
-52,1.2073761225,1.1802396774,0.7948051691,1.5527839661,0.8640802503,1.1815074682
-50,1.2196429968,1.5596548319,0.8452240229,1.6335419416,1.0296107531,1.1018975973
-48,1.2592656612,1.4476233721,0.9249937534,1.6794148684,1.095567584,1.0909194946
-46,1.6427295208,1.9282977581,1.1016675234,2.4190995693,1.2041105032,1.2384804487
-44,1.2769424915,1.3929613829,1.0672972202,1.9055399895,0.9342403412,1.0656988621
-42,1.4322924614,1.2151503563,1.0982761383,1.9108734131,1.0638649464,1.1051164865
-40,1.3855253458,1.1487108469,1.354177475,1.8623495102,1.0914078951,1.0931669474
-38,1.5299152136,1.0540654659,1.1891465187,1.9274542332,1.035358429,1.0427343845
-36,1.6818928719,1.1964873075,1.4602464437,1.9565039873,1.1954330206,1.0464158058
-34,1.719163537,1.2912354469,1.3565051556,2.0569045544,1.3639303446,1.1370928288
-32,1.7542800903,1.1192038059,1.4894984961,1.8487895727,1.2921149731,1.1422746181
-30,1.8368725777,1.2186139822,1.6087015867,1.7112994194,1.4072699547,1.1237611771
-28,2.2423181534,1.3282856941,1.658754468,1.8312494755,1.320749402,1.0721790791
-26,2.3250293732,1.3058972359,1.6871939898,1.5797203779,1.3764322996,1.196573019
-24,2.1506299973,1.284019351,1.9162743092,1.6579889059,1.246901989,1.1649429798
-22,2.3093254566,1.4411066771,1.8130702972,1.6635570526,1.3723893166,1.2257971764
-20,2.2644190788,1.6897166967,2.1446239948,1.4732377529,1.4599983692,1.098385334
-18,2.2987318039,1.6698278189,2.284419775,1.3956307173,1.4714926481,1.3225607872
-16,2.7736022472,1.759573102,2.4873466492,1.4565196037,1.6427845955,1.1495593786
-14,3.2758347988,1.9911496639,2.5506653786,1.5070486069,1.9640232325,1.2210743427
-12,2.3771619797,1.5493409634,2.0699675083,1.402513504,1.5799344778,1.0833777189
-10,2.3747398853,1.5777367353,1.7314999104,1.3998401165,1.8264648914,0.9766889215
-8,2.1130208969,1.285089612,2.0580236912,1.2340371609,1.4985531569,0.9440850616
-6,2.3581926823,1.2078047991,1.8347655535,1.2679234743,1.6433978081,0.9987672567
-4,2.5783147812,1.3987662792,1.8512291908,1.4133486748,1.6758738756,1.006678462
-2,2.7796571255,1.7668288946,2.2340173721,1.4638520479,1.9849505424,0.9530889392
1.27222193825778E-013,3.4176998138,2.2745463848,2.9473862648,2.0095608234,1.9907697439,1.078066349
2,1.9859181643,1.2504416704,2.1653749943,1.3430045843,1.3873364925,0.9426335096
4,1.7619199753,1.2740252018,2.2092308998,1.1051024199,1.3586076498,0.8817586303
6,1.6136684418,1.3868758678,1.8662085533,1.0139058828,1.354544282,0.7880980968
8,1.6724514961,1.4528977871,1.9233096838,1.0651164055,1.4842686653,0.8709968328
10,1.6532553434,1.5013048649,2.0934171677,0.9480783939,1.489400506,0.8587716818
12,1.8570783138,2.1129257679,1.9320405722,0.910612464,1.7902811766,0.735501349
14,1.5329246521,1.7394003868,1.6687024832,0.8251491785,1.6091228724,0.940380156
16,1.3393342495,1.3786764145,1.7882721424,0.8489151001,1.7526019812,0.8284844756
18,1.1627415419,1.2222654819,1.5372453928,0.9179574847,1.471942544,0.7811551094
20,1.2287529707,1.1400609016,1.4944751263,0.8268067241,1.3892002106,0.9301578403
22,1.1928364038,1.1409897804,1.477317214,0.7510179281,1.1643327475,0.8632898331
24,1.024266243,1.2914448977,1.4371953011,0.8562944531,1.2184163332,0.9406898022
26,1.1619374752,1.2710790634,1.3445979357,1.1740996838,1.2030764818,0.8616819978
28,0.9830135703,1.3718079329,1.3710378408,1.0751105547,1.0024296045,0.9829541445
30,1.014513731,1.384642005,1.3500202894,1.0824346542,0.9784432054,0.8887383938
32,0.882101357,1.5695039034,1.2765978575,0.9884567261,1.2654762268,1.0155824423
34,0.75823313,1.3702808619,1.3000606298,1.112388134,1.0530238152,1.0734112263
36,0.6463978291,1.0352119207,1.2038478851,1.0313440561,0.9913042188,0.9582211375
38,0.6123165488,1.1409221888,1.1963523626,0.9231849909,1.0431526899,1.0815552473
40,0.6627636552,1.1083796024,1.2485949993,1.0635457039,1.0799407959,1.130177021
42,0.524099052,1.0754886866,1.0599499941,1.1719354391,1.0518683195,1.0055574179
44,0.6845216751,1.4949859381,1.1671900749,1.5456185341,1.2878427505,1.4251939058
46,0.5612071157,1.1959248781,0.8900054097,1.0299717188,1.1374686956,1.0572223663
48,0.4996734262,1.1399635077,0.8892475367,1.0714576244,1.2354459763,0.9737789035
50,0.4432409704,1.0386463404,0.8591413498,1.0323637724,1.3890390396,0.9984947443
52,0.5073451996,1.0103180408,0.7368377447,0.9551441669,1.192040205,1.0180034637
54,0.4746642709,1.0127081871,0.6850412488,0.9605734348,1.4343403578,1.2242110968
56,0.4652059972,1.1774945259,0.7357976437,1.1050652266,1.2618534565,1.2239435911
58,0.4053707719,1.0209985971,0.6699336171,0.9802622795,1.1299268007,1.1133162975
60,0.4210337102,0.9724630117,0.5818338394,0.8174547553,1.038417697,1.0365724564
62,0.418797791,1.054314971,0.5995197892,0.9328214526,1.043779254,1.0137689114
64,0.4003264308,0.9224562049,0.7063463926,0.7013004422,0.8495511413,1.1191031933
66,0.3575216532,0.8635885715,0.4630661309,0.6644841433,0.8467544317,1.1513170004
68,0.433760494,0.8030929565,0.4516176283,0.6101049781,0.9251302481,1.0739229918
70,0.386749506,0.7363768816,0.4498154521,0.6635908484,0.7625626922,1.0265815258
72,0.3757509589,0.659424603,0.3971529305,0.5732569695,0.6951745749,1.1644419432
74,0.3337930441,0.6401441097,0.3294963241,0.5568941236,0.6935542226,1.0673885345
76,0.3599794507,0.5534787774,0.3337793648,0.6218450665,0.7259671688,1.1048383713
78,0.266379565,0.505094707,0.3019548357,0.4596021771,0.625957787,1.1935206652
80,0.2705810666,0.4835498929,0.2940560281,0.4882360995,0.6808009148,1.040335536
82,0.2877153456,0.3590613008,0.2619371116,0.3897182345,0.6424126029,1.0470217466
84,0.3156453371,0.3558296263,0.2307841927,0.3742974997,0.6640020013,1.1724677086
86,0.2733219266,0.2850548923,0.2174238563,0.436429292,0.7204899192,1.1536997557
88,0.292830646,0.255337894,0.2018499076,0.3798023462,0.5466869473,1.2271391153
-90,0.4422893524,0.8697047234,0.4278122783,0.9891631603,1.021851182,1.239484787
-88,0.394685775,0.7720258236,0.267603904,0.5751165748,0.8298330307,0.9983858466
-86,0.393343538,0.9195394516,0.2777944505,0.5933852792,0.7665772438,0.9569500089
-84,0.5195047259,0.7430897951,0.2935183644,0.5223247409,0.7479402423,0.8635901809
-82,0.4274887741,0.8860641122,0.390034467,0.6413134933,0.7681117654,0.9182845354
-80,0.4810447991,0.9360009432,0.3540973663,0.5782008171,0.823118329,0.9891355634
-78,0.6591311693,1.0072289705,0.3710153103,0.5627067089,0.9003451467,0.8939985633
-76,0.6436222196,1.0141963959,0.3529900312,0.6291935444,0.7586250305,0.8963708282
-74,0.6174411774,0.9853540659,0.3945730925,0.7195185423,0.7633202672,0.9574456811
-72,0.5216334462,1.0430430174,0.3789821863,0.7072451711,0.7314568162,0.9027485251
-70,0.6035767794,1.0291581154,0.3798809648,0.6594908237,0.6699130535,0.9008685946
-68,0.604551971,1.0253869295,0.4057000875,0.7626426816,0.7247783542,0.8650089502
-66,0.6858094335,1.1765424013,0.4463917315,0.6723186374,0.6615059972,0.816170156
-64,0.6513125896,1.254971385,0.4559182823,0.8810175657,0.8161664009,0.8390349746
-62,0.70672822,1.3031247854,0.5762919188,0.7312011123,0.7870284915,0.9101184011
-60,0.8688032627,1.4449174404,0.5803293586,0.7351670265,0.7018474936,0.7979165912
-58,0.953707397,1.2895498276,0.6419048905,0.8555455804,0.5459277034,0.9231337309
-56,0.8483070135,1.5251851082,0.8003652692,0.9579484463,0.5895777345,1.0243906975
-54,0.8635855317,1.3938063383,0.7991219759,0.7833606601,0.6523072124,1.1319974661
-52,0.904234767,1.529795289,0.7252444625,0.8860399723,0.6191303134,0.9500754476
-50,0.9591959715,1.4867275953,0.7253611088,0.8643660545,0.553652823,0.8742637634
-48,0.9650893807,1.4908579588,0.7774655223,0.970214963,0.7361898422,0.7521886826
-46,1.170383215,1.8762869835,1.1372510195,1.4925949574,0.7828329206,0.8440793753
-44,1.0123029947,1.4933475256,0.9802122712,1.0827504396,0.6163393259,0.8083482385
-42,1.1051020622,1.494992733,1.0306704044,1.0420985222,0.6096448898,0.8551585078
-40,0.9903275967,1.3099350929,1.1576300859,1.2007840872,0.5324773192,0.7939347625
-38,1.2279317379,1.3045871258,1.2227776051,1.1358616352,0.7612729669,0.8671364784
-36,1.2199289799,1.4540874958,1.3598607779,1.2361499071,0.7090454698,1.0211390257
-34,1.1252250671,1.3212903738,1.5361392498,1.157040596,0.7288818359,0.7996065617
-32,1.1178375483,1.4012099504,1.6231621504,1.333351016,0.9190433025,0.6827143431
-30,1.222720623,1.3749835491,1.634976387,1.3400864601,0.9189171791,0.7814460397
-28,1.1020476818,1.3226860762,1.9485423565,1.4266924858,0.8570545912,0.8245244026
-26,1.3150128126,1.4325766563,1.8160694838,1.2120441198,1.0462783575,0.9154535532
-24,1.3990467787,1.2748446465,1.8650383949,1.3508423567,1.0228341818,0.7966356874
-22,1.4859582186,1.2447658777,1.9681761265,1.3689213991,1.106415391,0.8219932318
-20,1.4850621223,1.4034167528,1.9524351358,1.3376315832,1.1689554453,0.7742525935
-18,1.6239135265,1.2800467014,2.3324816227,1.3659446239,1.0582906008,0.8563694954
-16,1.6878865957,1.3589978218,2.327534914,1.2325358391,1.1745003462,0.8308602571
-14,2.329315424,1.3653182983,2.6943454742,1.2236537933,1.3736556768,0.8577517867
-12,1.812287569,1.2790957689,2.1897237301,1.3084026575,1.1733839512,0.7566688061
-10,1.702136755,1.1494743824,2.4004211426,1.2062402964,1.2112140656,0.9159598947
-8,1.7443004847,1.1954363585,1.9721540213,1.1642560959,1.3744891882,0.7571274042
-6,1.9832065105,1.0888816118,2.0922131538,1.1712027788,1.4192166328,0.8484587669
-4,2.150844574,1.252358675,2.1881194115,1.1067669392,1.5197428465,0.7257692218
-2,2.6648256779,1.281359911,2.6212003231,1.2747656107,1.5469236374,1.125882268
1.27222193825778E-013,3.3261780739,1.4348996878,3.2426178455,1.666569829,1.9805907011,1.446608305
2,1.9282473326,1.1905117035,2.0323338509,1.1846725941,1.5673421621,1.0163100958
4,2.01714921,1.0916293859,2.0739936829,1.0806224346,1.3162235022,1.0150811672
6,1.7773509026,1.0688452721,1.8370727301,1.0465121269,1.2303593159,1.092607379
8,1.8882277012,1.0336191654,1.9263031483,1.0410231352,1.5772951841,1.0389891863
10,1.7924367189,0.9323672056,1.9520531893,1.2815090418,1.259945035,1.020434618
12,2.2458734512,0.8887816668,2.6078543663,1.2708154917,1.827226758,1.1806414127
14,1.6676129103,1.01219666,2.2361443043,1.2730910778,1.5052394867,1.046708107
16,1.6435713768,0.9522929788,2.0810246468,1.3251142502,1.7693101168,1.0499721766
18,1.5354855061,0.9734280705,1.707763195,1.4246689081,1.3488382101,0.9251450896
20,1.4091061354,0.8892352581,1.5718713999,1.4342260361,1.4300872087,0.9225407243
22,1.4385859966,0.9998662472,1.5360639095,1.3629870415,1.4148032665,0.9209221005
24,1.4925119877,0.9642759562,1.4886637926,1.581838727,1.5958302021,0.9221725464
26,1.606438756,0.9533290267,1.3693927526,1.817731142,1.2730435133,0.9740700126
28,1.4612156153,0.8901706338,1.1985445023,1.658056736,1.249812007,1.1451774836
30,1.2845247984,0.897685647,1.1290714741,1.4662690163,1.2419317961,1.0034214258
32,1.1899800301,0.8151167631,1.2107287645,1.5717042685,1.4503632784,1.3613826036
34,1.131270647,0.7908509374,1.030510664,1.530216217,1.549700141,1.3440233469
36,1.1267315149,0.887678802,0.9810217619,1.3735355139,1.5805903673,1.2749089003
38,1.2095762491,0.9293519258,1.0316063166,1.5299340487,1.4905339479,1.3399509192
40,1.1136155128,0.9900411963,0.9629786611,1.7033910751,1.3520377874,1.2120757103
42,1.0037630796,0.9624994397,0.8676992655,1.8218392134,1.1715888977,1.2390884161
44,1.1395093203,1.1711801291,0.8872484565,1.9225350618,1.3817421198,1.5899692774
46,1.0942587852,0.9921759963,0.6858155131,1.4117782116,1.1946326494,1.2109736204
48,0.9885150194,1.0930191278,0.5912547112,1.3502329588,1.3185669184,1.3038415909
50,0.9051548243,1.0167380571,0.5777589083,1.1792299747,1.1343491077,1.3093147278
52,0.8359793425,1.1165728569,0.5734442472,1.2598239183,1.3288900852,1.3217761517
54,0.7559382319,1.1652195454,0.5744041204,1.2047661543,1.3610181808,1.4945172071
56,0.6691660285,1.150796771,0.5551493764,1.1964783669,1.2729669809,1.4978480339
58,0.7469163537,1.071018815,0.5686979294,1.0339089632,1.2111371756,1.7533342838
60,0.7320359945,1.0808132887,0.5246579051,1.1046313047,1.3449919224,1.8195663691
62,0.6250327826,0.9979756474,0.5597982407,1.2471193075,1.3437480927,1.8844314814
64,0.7776716352,0.959160924,0.4819719195,1.1693358421,1.3800538778,2.0108451843
66,0.6691114306,0.8896639943,0.4668197632,1.0487495661,1.3102722168,1.8178642988
68,0.5875703096,0.9186577201,0.3717540503,0.980006516,1.4895663261,1.9735795259
70,0.6943543553,1.0114972591,0.4331869483,0.944812119,1.3019592762,1.807706356
72,0.6096284986,0.9562144876,0.4177755415,0.8227936625,1.2563875914,1.7754198313
74,0.4334034324,0.9019416571,0.4125253856,0.8149679899,1.1668702364,1.765930891
76,0.6456185579,0.8796700239,0.440639168,0.7012873888,1.260743022,1.6216632128
78,0.3969785869,0.7468079925,0.3626755178,0.8111552596,0.9833911657,1.4134446383
80,0.4940927029,0.8038571477,0.2960505188,0.7087993622,1.0850690603,1.2960752249
82,0.391127497,0.779270947,0.354341954,0.7544294,0.9680060148,1.2156312466
84,0.3601515293,0.8964428306,0.3071577549,0.6960286498,0.9196791649,1.3205854893
86,0.3800036311,0.8304913044,0.3314916193,0.5903804302,1.0399405956,1.2937364578
88,0.3856360316,0.9358888865,0.2765336335,0.5523219705,0.9627108574,1.3468807936
-90,,0.455526799,0.4107564092,0.5291694999,1.1725333929,1.6630758047
-88,,0.2969830334,0.2458466142,0.3987068832,1.0520305634,0.9150403738
-86,,0.3319625258,0.2435788214,0.4796502888,1.0696156025,0.9382089376
-84,,0.3267047405,0.3118178546,0.4443327785,0.9430791736,0.880574286
-82,,0.4203406274,0.303113699,0.5199843645,0.9606966972,0.9652286172
-80,,0.4096616507,0.3993424177,0.5667564869,0.9879195094,0.9504876733
-78,,0.4824183583,0.3985028863,0.5270110965,1.0662717819,1.049687624
-76,,0.6498918533,0.465303421,0.6196273565,1.1489738226,0.98535043
-74,,0.6242847443,0.6379826665,0.4952828884,1.0081592798,0.8802608252
-72,,0.6273034215,0.5194219947,0.6147525311,1.0520038605,0.8971651793
-70,,0.7014024258,0.6375650167,0.6401527524,0.9603375793,0.8062164783
-68,,0.7751156688,0.7849912643,0.6388847828,0.9366189241,0.8175851107
-66,,0.8971690536,0.7830513716,0.6778236032,1.0098323822,0.7138790488
-64,,1.065574646,0.8295833468,0.7633903027,0.9413955212,0.7143764496
-62,,0.9965702295,0.9932065606,0.7940312624,0.9138466716,0.7005260587
-60,,1.1024873257,1.0572286844,0.8849467635,1.0676053762,0.6172808409
-58,,1.0791577101,1.0823847055,0.9426326156,0.9958804846,0.6699004769
-56,,1.1255897284,1.1212925911,0.9772368073,1.0361465216,0.69180125
-54,,1.1659163237,0.9169411659,0.9827616811,0.9739100933,0.6874705553
-52,,1.4900877476,1.0146867037,0.9969723821,1.0189507008,0.7459227443
-50,,1.5163451433,1.013112545,1.0312540531,1.0316966772,0.8245552182
-48,,1.2857795954,0.9829556346,1.0553907156,1.183160305,0.6800750494
-46,,1.6219761372,1.1064896584,1.1823428869,1.2492895126,0.8456073403
-44,,1.3920302391,0.953984797,1.1549327374,1.0361740589,0.7491691709
-42,,1.3019015789,0.9723938704,1.0529568195,1.1203038692,0.733810246
-40,,1.0900928974,0.9530348778,1.0462710857,1.0396841764,0.6494373679
-38,,1.460647583,1.1566693783,1.206428647,1.107838273,0.853104353
-36,,1.3090865612,1.138817668,1.2384370565,1.2240055799,0.7592099905
-34,,1.3219218254,1.2405697107,1.3041262627,1.3288291693,0.8761234879
-32,,1.1843570471,1.3333046436,1.2088469267,1.2719330788,0.8310035467
-30,,1.0486574173,1.4728494883,1.1387147903,1.3775784969,0.8134540915
-28,,1.0526756048,1.264261961,1.2594598532,1.192587018,0.8449962735
-26,,1.1183563471,1.3202049732,1.1744071245,1.2588374615,0.8857849836
-24,,0.7985498905,1.3565109968,1.1379380226,1.3141348362,0.8942816257
-22,,0.9310091138,1.3676867485,1.1283807755,1.2682930231,0.9071294665
-20,,0.9685078859,1.4698888063,1.1175026894,1.5160911083,1.0377628803
-18,,1.1562253237,1.6086083651,1.0577827692,1.6264276505,1.0628911257
-16,,1.2422469854,1.5816061497,1.1601699591,1.356497407,1.1850397587
-14,,1.6731026173,1.8154176474,1.4783070087,1.7357984781,1.3562284708
-12,,1.092823267,1.7272894382,1.3214409351,1.4611339569,1.3174315691
-10,,1.2805387974,1.2887557745,1.3873881102,1.2044856548,1.2293810844
-8,,1.2779216766,1.4433585405,1.3299788237,1.2199234962,1.1461977959
-6,,1.5305786133,1.5936174393,1.3283303976,1.1180940866,1.1983218193
-4,,1.2552464008,1.722460866,1.5004649162,1.3008822203,1.4665409327
-2,,1.6840879917,1.9821411371,1.7351032495,1.6815003157,1.8641428947
1.27222193825778E-013,,2.5831320286,3.0792827606,2.3450706005,2.2688007355,2.2340445518
2,,1.3469836712,2.1755943298,1.5080448389,1.6612659693,1.2257725
4,,1.4461565018,1.8133906126,1.4376205206,1.5161893368,1.3936023712
6,,1.2600954771,1.953140974,1.3644224405,1.3088074923,1.2540166378
8,,1.3621147871,1.9690067768,1.5236264467,1.4498550892,1.6153351068
10,,1.2209248543,1.8788332939,1.5428839922,1.3156141043,1.333791852
12,,1.2944563627,2.1021270752,1.6496301889,1.3300178051,1.6928384304
14,,1.1999601126,1.928810358,1.789552927,1.4235785007,1.5384620428
16,,1.4123746157,2.0659513474,1.5897458792,1.6400933266,1.4067952633
18,,1.4527931213,1.8179124594,1.6283620596,1.3221151829,1.3346705437
20,,1.3652791977,1.8213647604,1.4573466778,1.2807315588,1.068975091
22,,1.4825072289,1.6698359251,1.4562261105,1.1309709549,1.2817957401
24,,1.472561121,1.7436647415,1.4076659679,1.2096239328,1.2582061291
26,,1.4571748972,1.8460725546,1.4494556189,1.0657485723,1.2423194647
28,,1.7136222124,1.6846315861,1.5653235912,1.068338275,1.0929154158
30,,1.695979476,1.6634012461,1.507817626,0.989512682,1.2300871611
32,,1.7274976969,1.6948289871,1.5702775717,0.9199742079,1.2566460371
34,,1.7141557932,1.4706370831,1.6497118473,0.8999484181,1.5030575991
36,,1.4382101297,1.5231654644,1.41606462,0.8846794963,1.3417705297
38,,1.6627762318,1.4329513311,1.6193332672,0.8295509815,1.4746878147
40,,1.6929330826,1.4092514515,1.3400460482,0.8619219661,1.5479713678
42,,1.6742728949,1.2926383018,1.4607592821,0.8136700988,1.6122692823
44,,2.2129840851,1.4921154976,1.7575069666,0.9826953411,2.4620163441
46,,1.3897083998,0.9848722219,1.433005929,0.998237133,1.5831102133
48,,1.4300178289,1.1351584196,1.289776206,0.9609026909,1.3165980577
50,,1.1693143845,0.93474859,1.4337097406,0.6938700676,1.5898934603
52,,1.2028683424,0.8764464855,1.3706257343,0.7081704736,1.331928134
54,,1.3433285952,0.9365271926,1.3363765478,0.6882957816,1.4129488468
56,,1.1668572426,0.6978130937,1.0626162291,0.7335463762,1.1677681208
58,,0.9521977305,0.5593219995,0.9899700284,0.6566542387,1.1308525801
60,,0.9942300916,0.5934735537,1.0046318769,0.7109711766,1.1508438587
62,,0.8725028038,0.5231967568,1.0018954277,0.8657200933,0.9657654762
64,,0.9389135838,0.5067105889,0.959051311,0.8456314802,0.8555881381
66,,0.7820438147,0.493259877,0.8235619664,0.9053072333,1.0207310915
68,,0.6565354466,0.4082231224,0.9424371123,0.9757769108,0.9934754968
70,,0.5901391506,0.3402056396,0.755587697,1.0410293341,0.8542460203
72,,0.6129653454,0.2990768254,0.6532034278,0.9088369012,1.0047121048
74,,0.5170158148,0.3423086107,0.7860112786,1.0444928408,1.0759710073
76,,0.5470073223,0.2822158039,0.6096847057,0.84845227,1.0918828249
78,,0.4155602753,0.2709822953,0.6468777061,0.9141293764,0.9291507602
80,,0.4226667285,0.2881315947,0.5835038424,0.956053555,0.9057171941
82,,0.4076040685,0.2657002211,0.5863100886,1.0672343969,0.8439646959
84,,0.3495302796,0.2334621549,0.4712243974,0.9254609346,0.8281430602
86,,0.3945503533,0.2480084002,0.4763022363,0.8395070434,1.0334272385
88,,0.3366816342,0.2289586663,0.5166782141,0.9970277548,1.2095153332
-90,,,0.2663738728,,1.6220855713,1.3730914593
-88,,,0.0992576629,,1.2368252277,1.2795754671
-86,,,0.1300628036,,1.3494530916,1.0292271376
-84,,,0.1291991323,,1.3229979277,0.9363361597
-82,,,0.1545321196,,1.3503676653,1.1860873699
-80,,,0.169843331,,1.1320842505,0.9553208947
-78,,,0.1431589276,,1.3430784941,1.1380844116
-76,,,0.1478426009,,1.2385803461,1.0871044397
-74,,,0.1867337972,,1.2488669157,1.135191083
-72,,,0.177567631,,1.2226302624,1.1374125481
-70,,,0.1382932663,,1.1730993986,1.2674446106
-68,,,0.1627998054,,1.5545350313,1.14184165
-66,,,0.1620962918,,1.3601722717,1.0662990808
-64,,,0.2327801436,,1.4052252769,1.1233164072
-62,,,0.229764834,,1.4811741114,1.1352518797
-60,,,0.2963781953,,1.4601864815,1.1212592125
-58,,,0.3462005556,,1.5807837248,1.1866924763
-56,,,0.3376215994,,1.6146959066,1.0396908522
-54,,,0.3789095283,,1.4857084751,1.1298806667
-52,,,0.4382102191,,1.4660161734,1.0046584606
-50,,,0.509901464,,1.4678778648,1.0501487255
-48,,,0.6650083661,,1.2710506916,1.0657995939
-46,,,0.8624465466,,1.4549102783,1.0534756184
-44,,,0.5876417756,,1.4636468887,0.9318691492
-42,,,0.9258502722,,1.6182115078,0.8981069326
-40,,,0.9279224277,,1.5455380678,0.8981975317
-38,,,1.1130349636,,1.9181703329,0.8874294758
-36,,,1.33096838,,2.0077712536,0.9597632289
-34,,,1.6940385103,,1.494572401,0.9646088481
-32,,,1.7807725668,,1.2320919037,0.9934866428
-30,,,1.7828928232,,1.075824976,0.9320749044
-28,,,2.1850156784,,1.4749591351,0.9516233206
-26,,,2.026545763,,1.3670493364,0.9296619892
-24,,,2.0209465027,,1.1988949776,0.8933746815
-22,,,2.5382723808,,1.4115320444,0.8475724459
-20,,,2.9591913223,,1.4081634283,1.0692116022
-18,,,2.9632117748,,1.2638252974,0.9728574157
-16,,,3.2110815048,,1.0179537535,0.9662055969
-14,,,3.2410817146,,1.0092642307,1.0190570354
-12,,,2.9272434711,,0.924746871,0.9969907999
-10,,,3.0758171082,,0.8327387571,0.9390699267
-8,,,2.9057481289,,0.7732050419,0.8892035484
-6,,,2.4054069519,,0.758114934,1.0950409174
-4,,,2.5799283981,,0.7257760763,1.1249439716
-2,,,3.2060518265,,0.672047019,1.0986964703
1.27222193825778E-013,,,4.9216046333,,0.8505991697,1.2945613861
2,,,2.4197266102,,0.6986757517,1.0803148746
4,,,2.0290238857,,0.6956566572,1.0312706232
6,,,1.7938742638,,0.6913761497,0.98744452
8,,,1.8095146418,,0.7173986435,0.9788910151
10,,,1.9797873497,,0.6528270841,1.0796825886
12,,,2.0881860256,,0.8236979842,1.1768121719
14,,,1.6618102789,,0.8681311011,1.2633593082
16,,,1.5540648699,,0.8804064393,1.2384294271
18,,,1.2376776934,,0.6742550731,1.1189723015
20,,,1.3045181036,,0.7804859877,1.2349230051
22,,,1.326793313,,0.8143705726,1.3130831718
24,,,1.3533138037,,0.7070380449,1.3307006359
26,,,1.5363243818,,0.6912333965,1.3763204813
28,,,1.1788345575,,0.7425316572,1.3029770851
30,,,1.4477177858,,0.7270901799,1.2925512791
32,,,1.3041608334,,0.6769109368,1.1847300529
34,,,1.6138836145,,0.9261703491,1.0327161551
36,,,1.3700799942,,1.0614820719,0.9601806402
38,,,0.9745378494,,1.0610194206,0.8814969659
40,,,0.8448776603,,1.0903286934,0.9724850059
42,,,1.1147921085,,1.044912219,1.0733385086
44,,,1.0156387091,,1.7200777531,1.4776953459
46,,,0.6692929864,,1.0869121552,1.2709674835
48,,,0.6832241416,,1.084171176,1.2570492029
50,,,0.5627254248,,1.0538233519,1.1867567301
52,,,0.4510932267,,1.1050975323,1.2205890417
54,,,0.6282979846,,1.0859047174,1.4330120087
56,,,0.4604693055,,1.111990571,1.3558343649
58,,,0.4882493913,,1.0887198448,1.372751832
60,,,0.4063188732,,0.9560453892,1.4328421354
62,,,0.4080909789,,0.9694668651,1.3076686859
64,,,0.2967355549,,0.7901274562,1.3794252872
66,,,0.4252195656,,0.7865810394,1.235683322
68,,,0.2815150321,,0.6483448148,1.0926184654
70,,,0.2104712427,,0.742872417,1.0956263542
72,,,0.2036347836,,0.7249748707,0.9540676475
74,,,0.2315678149,,0.8953832984,0.9614731073
76,,,0.1628534049,,0.9541521072,1.1433062553
78,,,0.1458234936,,0.9357899427,1.0888826847
80,,,0.1461192369,,0.9819709063,0.9530129433
82,,,0.1042487249,,1.0592797995,1.0195053816
84,,,0.1315128654,,0.9320290685,1.0825536251
86,,,0.1226611137,,1.1507245302,1.3046182394
88,,,0.145485118,,1.2224589586,1.266581893
-90,,,0.5978295803,,1.0375878811,
-88,,,0.3481537104,,0.8078635931,
-86,,,0.2432477027,,0.8138198853,
-84,,,0.2491289377,,0.7223103046,
-82,,,0.3266247511,,0.6511606574,
-80,,,0.3771533966,,0.7123976946,
-78,,,0.3716770709,,0.7086814046,
-76,,,0.3736121356,,0.8185233474,
-74,,,0.4938257039,,0.6912457347,
-72,,,0.4546243846,,0.8257840872,
-70,,,0.4376132786,,0.8127648234,
-68,,,0.4755215645,,0.9016507864,
-66,,,0.5055699348,,0.9372295141,
-64,,,0.517265141,,0.8490712643,
-62,,,0.4271380901,,0.846105814,
-60,,,0.5207593441,,0.976095438,
-58,,,0.5889177322,,1.0725728273,
-56,,,0.6882736087,,1.2722247839,
-54,,,0.6478042603,,1.1933817863,
-52,,,0.7441498041,,1.1077600718,
-50,,,0.9405896068,,1.1831737757,
-48,,,0.9219977856,,1.2087693214,
-46,,,1.6344653368,,1.5596705675,
-44,,,1.2327388525,,1.1906181574,
-42,,,1.1349570751,,1.2038657665,
-40,,,1.2161004543,,1.3636982441,
-38,,,1.207197547,,1.2771533728,
-36,,,1.2660229206,,1.4247264862,
-34,,,1.2781822681,,1.4701017141,
-32,,,1.3136181831,,1.2223597765,
-30,,,1.5540813208,,1.3730045557,
-28,,,1.6581823826,,1.4739067554,
-26,,,1.5766519308,,1.5675224066,
-24,,,1.4511102438,,1.1710020304,
-22,,,1.5838669538,,1.3050851822,
-20,,,1.4841030836,,1.2057547569,
-18,,,1.9031748772,,1.1921470165,
-16,,,1.5560358763,,1.2356266975,
-14,,,1.6030477285,,1.2242377996,
-12,,,1.5621421337,,1.1146320105,
-10,,,1.6497838497,,1.1305556297,
-8,,,1.6054414511,,1.1473526955,
-6,,,1.53390944,,1.1300753355,
-4,,,1.6122291088,,1.1564649343,
-2,,,1.9957439899,,1.240241766,
1.27222193825778E-013,,,3.1251351833,,1.6634235382,
2,,,1.8199644089,,1.2288599014,
4,,,1.6486334801,,1.3013635874,
6,,,1.7697608471,,1.244464159,
8,,,1.7240412235,,1.4916328192,
10,,,1.7384234667,,1.4460408688,
12,,,2.0113401413,,1.4781204462,
14,,,1.8607091904,,1.440384984,
16,,,1.8547883034,,1.5815564394,
18,,,1.9248893261,,1.3929469585,
20,,,1.7567468882,,1.3751094341,
22,,,1.8921343088,,1.2522608042,
24,,,1.8540039063,,1.2867519855,
26,,,1.9915325642,,1.3019907475,
28,,,1.6638785601,,1.2128684521,
30,,,1.5485585928,,1.2477021217,
32,,,1.4868068695,,1.2776534557,
34,,,1.589700222,,1.0908489227,
36,,,1.454739809,,1.1488485336,
38,,,1.2648155689,,1.1003671885,
40,,,1.1413530111,,1.0317358971,
42,,,1.1583833694,,1.0008224249,
44,,,1.5584203005,,1.0946052074,
46,,,1.1993052959,,1.0050997734,
48,,,1.0609017611,,0.944378376,
50,,,0.9911093712,,1.004242301,
52,,,0.82783252,,1.0102360249,
54,,,1.0439882278,,0.8196566701,
56,,,0.9396129847,,0.9161776304,
58,,,0.836071372,,0.9849353433,
60,,,0.7106323242,,1.1139976978,
62,,,0.7822548747,,1.2181457281,
64,,,0.7343564034,,1.0332946777,
66,,,0.6651313305,,1.0319826603,
68,,,0.59556216,,0.9931387901,
70,,,0.5203663707,,1.1517157555,
72,,,0.5394198895,,0.9608171582,
74,,,0.4997335374,,0.9022718072,
76,,,0.4198759496,,1.0235162973,
78,,,0.3598520756,,0.7688706517,
80,,,0.324378401,,0.8382496238,
82,,,0.2531726062,,0.7544493079,
84,,,0.3404633999,,0.7403073907,
86,,,0.3159236312,,0.7484791279,
88,,,0.3370316327,,0.8156998158,
