"","image","time_in_serie","rep_id","intensity","intensity_ratio","diameter","rep_x","rep_y","growth","growth.x","growth.y","depth","width","6"
"1","57-ZAT12-5-R24-SR1-FLT542-C-AQ1.tif",1,"9e79d30f-c415-4511-8bb5-b48248cb11d9",6.2842107,1.9413735,21.095022,827,352,0,0,0,2.53968253968254,5.99275362318841,6
"2","57-ZAT12-5-R24-SR1-FLT542-C-AQ1.tif",1,"e820d8e6-8737-42e9-a55d-fe592847174c",6.553398,2.2637036,18.248287,716,390,0,0,0,2.81385281385281,5.18840579710145,6
"3","57-ZAT12-5-R24-SR1-FLT542-C-AQ1.tif",1,"af6d32aa-72be-4099-b63e-d4b18363e196",12.666667,3.133901,16.643316,703,407,0,0,0,2.93650793650794,5.09420289855072,6
"4","57-ZAT12-5-R24-SR1-FLT542-C-AQ1.tif",1,"8a162c01-57f0-4dd0-b354-8bb8f7067bf4",5.4271846,1.7119856,29.410883,660,446,0,0,0,3.21789321789322,4.78260869565217,6
"5","57-ZAT12-5-R24-SR1-FLT542-C-AQ1.tif",1,"9a4fcea5-4c30-47a7-90b4-736cb1df79a7",6.185629,1.966118,30.463093,1505,459,0,0,0,3.31168831168831,10.9057971014493,6
"6","57-ZAT12-5-R24-SR1-FLT542-C-AQ1.tif",1,"797873a4-41f3-444c-aeb1-40193f4134b7",7.393617,1.8431655,15.524175,701,516,0,0,0,3.72294372294372,5.07971014492754,6
"7","57-ZAT12-5-R24-SR1-FLT542-C-AQ1.tif",1,"6d3a6313-9550-4e6a-94d3-2bf5bda418a5",7.515464,2.4972565,26.925823,849,536,0,0,0,3.86724386724387,6.15217391304348,6
"8","57-ZAT12-5-R24-SR1-FLT542-C-AQ1.tif",1,"34afcc93-fef2-4b39-8245-26905f9c61b0",5.8404255,1.9398907,25.553865,675,571,0,0,0,4.11976911976912,4.89130434782609,6
"9","57-ZAT12-5-R24-SR1-FLT542-C-AQ1.tif",1,"48b3fcd8-564e-4c8a-a2bd-bf2378f7f418",5.794643,1.9445301,28.42534,854,583,0,0,0,4.20634920634921,6.18840579710145,6
"10","57-ZAT12-5-R24-SR1-FLT542-C-AQ1.tif",1,"f7a025ad-6349-49de-aba3-0208cef51d72",6.2848487,2.1321118,31.827662,1126,589,0,0,0,4.24963924963925,8.15942028985507,6
"11","57-ZAT12-5-R24-SR1-FLT542-C-AQ1.tif",1,"5295d18b-0386-440b-b844-163e96108384",7.846847,2.4795256,39.051247,668,605,0,0,0,4.36507936507937,4.84057971014493,6
"12","57-ZAT12-5-R24-SR1-FLT542-C-AQ1.tif",1,"add59e69-01b6-4476-984f-5ce0b746d8cd",6.3239436,2.1625834,45.54119,1399,616,0,0,0,4.44444444444444,10.1376811594203,6
"13","57-ZAT12-5-R24-SR1-FLT542-C-AQ1.tif",1,"1fad13c4-10c0-4626-93b7-c0ad5a92b3a7",8.23913,2.0448549,22.203604,1097,609,0,0,0,4.39393939393939,7.94927536231884,6
"14","57-ZAT12-5-R24-SR1-FLT542-C-AQ1.tif",1,"70fc0e3b-3945-4db0-9c9d-51cf42eba99e",6.419162,2.2882462,30.463093,437,612,0,0,0,4.41558441558442,3.16666666666667,6
"15","57-ZAT12-5-R24-SR1-FLT542-C-AQ1.tif",1,"27859bfb-fabe-4e6c-b7b4-a4a6e550277e",9.523364,2.6506379,19.235384,487,621,0,0,0,4.48051948051948,3.52898550724638,6
"16","57-ZAT12-5-R24-SR1-FLT542-C-AQ1.tif",1,"50e16d59-143f-45c9-923e-f0defbdf1fd1",6.6682463,2.0668087,50,669,637,0,0,0,4.5959595959596,4.84782608695652,6
"17","57-ZAT12-5-R24-SR1-FLT542-C-AQ1.tif",1,"257ee218-9600-40fb-a0f1-130ecd082253",6.904943,2.0633261,57.72348,1327,672,0,0,0,4.84848484848485,9.61594202898551,6
"18","57-ZAT12-5-R24-SR1-FLT542-C-AQ1.tif",1,"7a6d3a6b-3aab-4503-bf90-20fee9671f8d",6.5277777,2.1375887,28.178005,717,657,0,0,0,4.74025974025974,5.19565217391304,6
"19","57-ZAT12-5-R24-SR1-FLT542-C-AQ1.tif",1,"ff70ca6f-8947-4163-9570-5efafecfb9ba",6.027397,1.9215909,34.828148,565,662,0,0,0,4.77633477633478,4.09420289855072,6
"20","57-ZAT12-5-R24-SR1-FLT542-C-AQ1.tif",1,"f4748778-54a1-4a72-a07b-dfa3f4d571a5",6.244565,2.1557877,42.426407,1381,674,0,0,0,4.86291486291486,10.0072463768116,6
"21","57-ZAT12-5-R24-SR1-FLT542-C-AQ1.tif",1,"13d7d707-925a-4bda-87d6-2b3a69b76ed7",7.691589,2.2855406,18.248287,392,715,0,0,0,5.15873015873016,2.84057971014493,6
"22","57-ZAT12-5-R24-SR1-FLT542-C-AQ1.tif",1,"5d4fc7ef-2ce0-40e4-833a-a752a1ab8ffe",7.0252523,2.3817399,29.732138,1522,745,0,0,0,5.37518037518038,11.0289855072464,6
"23","57-ZAT12-5-R24-SR1-FLT542-C-AQ1.tif",1,"44e350d9-e591-41c3-8a77-7611027519ae",7.508197,2.1048036,25.455845,528,752,0,0,0,5.42568542568543,3.82608695652174,6
"24","57-ZAT12-5-R24-SR1-FLT542-C-AQ1.tif",1,"3f7b5595-83ee-4c1d-be66-8a448cf9c68c",6.3129253,2.1734912,25.96151,1380,759,0,0,0,5.47619047619048,10,6
"25","57-ZAT12-5-R24-SR1-FLT542-C-AQ1.tif",1,"75318833-986a-4f3f-8ae9-30d58b5e8aad",6.39,2.2472613,25.96151,699,767,0,0,0,5.53391053391053,5.06521739130435,6
"26","57-ZAT12-5-R24-SR1-FLT542-C-AQ1.tif",1,"3fec6490-cb1a-4274-8226-1cb8b4662615",13.87619,2.6231985,31.780497,1093,763,0,0,0,5.50505050505051,7.92028985507246,6
"27","57-ZAT12-5-R24-SR1-FLT542-C-AQ1.tif",1,"aacf77e2-14e9-4425-92e3-7e4310f911e9",8.895833,2.557377,27.313,1277,776,0,0,0,5.5988455988456,9.2536231884058,6
"28","57-ZAT12-5-R24-SR1-FLT542-C-AQ1.tif",1,"1db6f280-2019-44da-8dbd-351fde442f9d",8.933885,2.2210915,20.22375,381,805,0,0,0,5.80808080808081,2.76086956521739,6
"29","57-ZAT12-5-R24-SR1-FLT542-C-AQ1.tif",1,"a7875ab5-d63b-497b-857e-2c5f6b26c74d",5.5686274,1.9524648,22.135944,784,837,0,0,0,6.03896103896104,5.68115942028986,6
"30","57-ZAT12-5-R24-SR1-FLT542-C-AQ1.tif",1,"e7318c90-de6c-41c5-99e2-cda332dd334d",7.16,2.1184359,30.413813,908,852,0,0,0,6.14718614718615,6.57971014492754,6
"31","57-ZAT12-5-R24-SR1-FLT542-C-AQ1.tif",1,"d681401f-cbe1-45fd-bcff-ad7fff3a5060",6.672727,2.2207086,20.396078,462,852,0,0,0,6.14718614718615,3.34782608695652,6
"32","57-ZAT12-5-R24-SR1-FLT542-C-AQ1.tif",1,"c4ddcf26-78d3-49a6-b53e-cf352afda6dc",8.789474,2.3443115,25.019993,591,862,0,0,0,6.21933621933622,4.28260869565217,6
"33","57-ZAT12-5-R24-SR1-FLT542-C-AQ1.tif",1,"8604364a-b658-4f8e-bacc-2fe02cc4c265",8.84375,2.4322731,17.117243,627,871,0,0,0,6.28427128427128,4.54347826086957,6
"34","57-ZAT12-5-R24-SR1-FLT542-C-AQ1.tif",1,"e0f101f2-3636-4a68-892d-e849067b2aa4",6.5772357,2.1742892,26.57066,545,902,0,0,0,6.50793650793651,3.94927536231884,6
"35","57-ZAT12-5-R24-SR1-FLT542-C-AQ1.tif",1,"f8ff8d76-832f-4650-ac03-b7b01faa4692",12.036697,2.6661584,18.788294,1454,903,0,0,0,6.51515151515152,10.536231884058,6
"36","57-ZAT12-5-R24-SR1-FLT542-C-AQ1.tif",1,"cd7fa143-5d2e-4e6a-8ae6-12f32f2e310d",6.696552,2.0195673,26.925823,577,925,0,0,0,6.67388167388167,4.18115942028986,6
"37","57-ZAT12-5-R24-SR1-FLT542-C-AQ1.tif",1,"b1f2c9a0-87be-4a9f-8d72-3c453ad1e51e",8.044642,2.945616,30.083218,651,936,0,0,0,6.75324675324675,4.71739130434783,6
"38","57-ZAT12-5-R24-SR1-FLT542-C-AQ1.tif",1,"4d7d58b4-91ec-422e-993d-5ba1d54d687b",6.1055555,2.0090992,43.011627,1309,950,0,0,0,6.85425685425685,9.48550724637681,6
"39","57-ZAT12-5-R24-SR1-FLT542-C-AQ1.tif",1,"63cd21f4-3280-48af-a128-338d42248e08",7.010336,2.3321047,79.40403,1217,1019,0,0,0,7.35209235209235,8.81884057971014,6
"40","57-ZAT12-5-R24-SR1-FLT542-C-AQ1.tif",1,"53ab9f95-15d2-4f06-9aba-0e42320cc354",10.271394,2.6510355,53.712196,1619,1038,0,0,0,7.48917748917749,11.731884057971,6
"41","57-ZAT12-5-R24-SR1-FLT542-C-AQ1.tif",1,"4b1e2a38-4c71-4640-928a-d364724fce38",6.7530365,2.203837,52.46904,725,1059,0,0,0,7.64069264069264,5.2536231884058,6
"42","57-ZAT12-5-R24-SR1-FLT542-C-AQ1.tif",1,"3c6ebba6-3d95-43b9-83f7-44b4669fa80e",6.818182,2.1888888,23.769728,653,1055,0,0,0,7.61183261183261,4.73188405797101,6
"43","57-ZAT12-5-R24-SR1-FLT542-C-AQ1.tif",1,"c04d60e4-980a-4bf5-87eb-1c8c575d3492",10.227758,2.697286,41.617306,1353,1077,0,0,0,7.77056277056277,9.80434782608696,6
"44","57-ZAT12-5-R24-SR1-FLT542-C-AQ1.tif",1,"7b60a577-90bf-4192-86e4-4e421d332408",7.168498,2.1635156,35.805027,566,1097,0,0,0,7.91486291486292,4.10144927536232,6
"45","57-ZAT12-5-R24-SR1-FLT542-C-AQ1.tif",1,"3022bd27-e16d-4a6d-94b1-6297e008d792",7.873016,2.3699596,26.076809,1300,1110,0,0,0,8.00865800865801,9.42028985507246,6
"46","57-ZAT12-5-R24-SR1-FLT542-C-AQ1.tif",1,"21698534-ed14-42e6-96f2-0f4b4fef7531",6.9797297,2.2536302,25.942244,770,1113,0,0,0,8.03030303030303,5.57971014492754,6
"47","57-ZAT12-5-R24-SR1-FLT542-C-AQ1.tif",1,"0e85c493-0813-4018-998b-48bf09cce2b0",8.666667,2.4015007,22.203604,1336,1126,0,0,0,8.12409812409812,9.68115942028986,6
"48","57-ZAT12-5-R24-SR1-FLT542-C-AQ1.tif",1,"8c9c6f4b-3d32-465f-9e0c-d0a4e9f733fd",10.752381,2.472985,25.632011,630,1172,0,0,0,8.45598845598846,4.56521739130435,6
"49","57-ZAT12-5-R24-SR1-FLT542-C-AQ1.tif",1,"c0bcede9-64a2-498a-ac20-31f185e5932c",5.8844767,1.7883435,42.520584,178,1181,0,0,0,8.52092352092352,1.28985507246377,6
"50","57-ZAT12-5-R24-SR1-FLT542-C-AQ1.tif",1,"47919d5d-9bad-4344-b9e7-bdcdfc15ba1a",7.6056337,2.497531,33.61547,747,1177,0,0,0,8.49206349206349,5.41304347826087,6
"51","57-ZAT12-5-R24-SR1-FLT542-C-AQ1.tif",1,"5bd6b480-92c2-4244-845b-8f5c23c3ad8b",7.5859375,2.4335737,23.345236,1215,1198,0,0,0,8.64357864357864,8.80434782608696,6
"52","57-ZAT12-5-R24-SR1-FLT542-C-AQ1.tif",1,"ec6cd047-d4bf-4dc2-93e4-f5b8d45c897e",11.084906,2.6595745,18.867962,742,1209,0,0,0,8.72294372294372,5.3768115942029,6
"53","57-ZAT12-5-R24-SR1-FLT542-C-AQ1.tif",1,"c4d89a40-88be-46e5-8fd5-743efbfa5b9c",10.301587,2.7028763,54.451813,1017,1236,0,0,0,8.91774891774892,7.3695652173913,6
"54","57-ZAT12-5-R24-SR1-FLT542-C-AQ1.tif",1,"6e3cf1d5-cd73-4180-b152-d81cf702665e",6.885246,2.2476192,41.976185,850,1242,0,0,0,8.96103896103896,6.15942028985507,6
"55","57-ZAT12-5-R24-SR1-FLT542-C-AQ1.tif",1,"4696d7b0-adfd-43b2-85b6-d8fb43da50c9",14.237288,2.610119,21.587032,1301,1245,0,0,0,8.98268398268398,9.42753623188406,6
"56","57-ZAT12-5-R24-SR1-FLT542-C-AQ1.tif",1,"0ae37972-1706-4d28-b759-fcd919fb0f33",7.0684934,1.8846898,32.572994,507,1259,0,0,0,9.08369408369408,3.67391304347826,6
"57","57-ZAT12-5-R24-SR1-FLT542-C-AQ1.tif",1,"d230f3b1-5165-4b25-9a2d-41fd64b9fe90",8.048696,2.2659895,86.127815,1693,1291,0,0,0,9.31457431457432,12.268115942029,6
"58","57-ZAT12-5-R24-SR1-FLT542-C-AQ1.tif",1,"32b6ab63-0d55-4d30-a59a-5ea3e6fb7df9",7.536965,2.204956,32.24903,742,1271,0,0,0,9.17027417027417,5.3768115942029,6
"59","57-ZAT12-5-R24-SR1-FLT542-C-AQ1.tif",1,"66b8a741-b72f-4db5-b685-c4bb8d59f370",15.770492,2.8635654,32.202484,1309,1278,0,0,0,9.22077922077922,9.48550724637681,6
"60","57-ZAT12-5-R24-SR1-FLT542-C-AQ1.tif",1,"dadc047a-d578-462a-a3f0-72c87c94e8cd",10.265525,2.3347936,52.46904,1429,1292,0,0,0,9.32178932178932,10.3550724637681,6
"61","57-ZAT12-5-R24-SR1-FLT542-C-AQ1.tif",1,"41e455e0-9a14-4caa-adc8-4729513e9456",6.403415,1.8948333,119.85408,1500,1365,0,0,0,9.84848484848485,10.8695652173913,6
"62","57-ZAT12-5-R24-SR1-FLT542-C-AQ1.tif",1,"5477efe3-9eab-4e34-a9e4-e2082f119831",7.443439,2.1781154,35.608986,582,1360,0,0,0,9.81240981240981,4.21739130434783,6
"63","57-ZAT12-5-R24-SR1-FLT542-C-AQ1.tif",1,"9e3b4d23-1113-4abd-8a0a-47e4ebc0db70",8.081579,2.0618691,60.74537,1397,1384,0,0,0,9.98556998556999,10.1231884057971,6
"64","57-ZAT12-5-R24-SR1-FLT542-C-AQ1.tif",1,"567e37e0-c114-4cc0-addf-e88ddc8339b7",5.136752,2.3627288,30.805843,802,1407,0,0,0,10.1515151515152,5.81159420289855,6
"65","57-ZAT12-5-R24-SR1-FLT542-C-AQ1.tif",1,"4c2a7a9d-ac94-49b6-849f-e3d87ed3389f",11.06701,2.5687006,53.75872,801,1470,0,0,0,10.6060606060606,5.80434782608696,6
"66","57-ZAT12-5-R24-SR1-FLT542-C-AQ1.tif",1,"215a6957-7af1-408e-9b3d-d44ffc10360b",5.581081,1.5569007,41.4367,663,1491,0,0,0,10.7575757575758,4.80434782608696,6
"67","57-ZAT12-5-R24-SR1-FLT542-C-AQ1.tif",1,"cad56bb3-e5c4-4ba0-b888-57bd63455185",8.782609,2.2779348,24.083189,753,1509,0,0,0,10.8874458874459,5.45652173913043,6
"68","57-ZAT12-5-R24-SR1-FLT542-C-AQ1.tif",1,"85d42497-9a1c-47fd-b609-235c31d86934",9.315789,2.368039,21.260292,1121,1569,0,0,0,11.3203463203463,8.1231884057971,6
"69","57-ZAT12-5-R24-SR1-FLT542-C-AQ1.tif",1,"0f126333-791a-445a-b7f8-04a61cabf8c4",5.5545025,1.6143345,56.400356,697,1598,0,0,0,11.5295815295815,5.05072463768116,6
"70","57-ZAT12-5-R24-SR1-FLT542-C-AQ1.tif",1,"e1586f67-d2a7-4285-a518-f51dd6e7ed15",12.831169,3.200607,47.042534,980,1636,0,0,0,11.8037518037518,7.10144927536232,6
"71","57-ZAT12-5-R24-SR1-FLT542-C-AQ1.tif",1,"3a3ef47a-a305-445e-aaa8-81fa53a9a095",12.079365,2.8830488,24.083189,890,1679,0,0,0,12.1139971139971,6.44927536231884,6
"72","57-ZAT12-5-R24-SR1-FLT542-C-AQ1.tif",1,"1055a0c4-a0e5-41a2-899b-aaa412c674a7",10.59396,2.5764966,42.544094,813,1713,0,0,0,12.3593073593074,5.89130434782609,6
"73","57-ZAT12-5-R24-SR1-FLT542-C-AQ1.tif",1,"597cabc7-0e97-41c2-ad73-a86183990662",12.646826,2.6557891,27.45906,982,1742,0,0,0,12.5685425685426,7.11594202898551,6
"74","57-ZAT12-5-R24-SR1-FLT542-C-AQ1.tif",1,"d782d94e-33b0-4cc5-ab28-5e494160e2b9",9.472492,2.691493,38.587563,1092,1810,0,0,0,13.0591630591631,7.91304347826087,6
"75","57-ZAT12-5-R24-SR1-FLT542-C-AQ1.tif",1,"fb60ed50-3c83-4ee1-bf4a-be342fd8d19d",6.1654677,1.7771295,27.58623,1215,1853,0,0,0,13.3694083694084,8.80434782608696,6
"76","57-ZAT12-5-R24-SR1-FLT542-C-AQ1.tif",1,"1e7fcefe-ed16-46a7-a099-29c6adeb9f5f",7.2537313,2.0781894,27.513634,819,1901,0,0,0,13.7157287157287,5.93478260869565,6
"77","57-ZAT12-5-R24-SR1-FLT542-C-AQ1.tif",1,"74640aac-0c55-42ce-b35c-389161385eb8",6.5588236,1.8262333,41.340054,1183,1903,0,0,0,13.7301587301587,8.57246376811594,6
"78","57-ZAT12-5-R24-SR1-FLT542-C-AQ1.tif",1,"6d9bd9e8-0874-4088-89db-be1e9afba620",9.327338,2.3991516,42.544094,794,1932,0,0,0,13.9393939393939,5.7536231884058,6
"79","57-ZAT12-5-R24-SR1-FLT542-C-AQ1.tif",1,"f287f3af-2a8b-43e0-a1ae-d1549982d859",5.926316,1.8259325,18.601076,1134,1951,0,0,0,14.0764790764791,8.21739130434783,6
"80","57-ZAT12-5-R24-SR1-FLT542-C-AQ1.tif",1,"b797f3fb-ec60-4561-a2ca-f3ecc129e7c0",7.341772,2.337931,21.023796,801,1959,0,0,0,14.1341991341991,5.80434782608696,6
"81","57-ZAT12-5-R24-SR1-FLT542-C-AQ1.tif",1,"7c79dbca-7477-40d8-b1e0-0f6b517eef38",6.3030305,1.9971154,24.839485,883,2028,0,0,0,14.6320346320346,6.39855072463768,6
"82","57-ZAT12-5-R24-SR1-FLT542-C-AQ1.tif",1,"d036d50c-f7a2-4615-9017-a3f22e08e904",7,1.5714285,18.788294,834,2038,0,0,0,14.7041847041847,6.04347826086957,6
"83","57-ZAT12-5-R24-SR1-FLT542-C-AQ1.tif",1,"aee53343-9e48-43ce-9929-55bdfca032a3",8.703704,2.081915,18.027756,856,2072,0,0,0,14.9494949494949,6.20289855072464,6
"84","57-ZAT12-5-R24-SR1-FLT542-C-AQ1.tif",1,"22002b18-6717-4a65-8dd5-76570bf68c60",6.839416,1.8922092,23.259407,853,2129,0,0,0,15.3607503607504,6.18115942028986,6
"85","57-ZAT12-5-R24-SR1-FLT542-C-AQ1.tif",1,"9ed9132c-2067-4f3f-adbf-a537a718a211",6.826389,1.8138353,18.601076,911,2243,0,0,0,16.1832611832612,6.60144927536232,6
"86","57-ZAT12-5-R24-SR1-FLT542-C-AQ1.tif",1,"d2d7950a-995d-4ed7-95d6-38bc0ca273fd",6.736,1.9216152,20.615528,946,2302,0,0,0,16.6089466089466,6.85507246376812,6
"87","57-ZAT12-5-R24-SR1-FLT542-C-AQ1.tif",1,"066fd8ca-9952-4081-afaa-0816ae86cbbd",5.423497,1.6473552,75.70998,880,2588,0,0,0,18.6724386724387,6.3768115942029,6
"88","57-ZAT12-5-R24-SR3-FLT542-C-AQ1.tif",2,"e820d8e6-8737-42e9-a55d-fe592847174c",7.0833335,1.8999999,22.472204,713,388,3.60555127546399,3,2,2.7994227994228,5.16666666666667,6
"89","57-ZAT12-5-R24-SR3-FLT542-C-AQ1.tif",2,"8a162c01-57f0-4dd0-b354-8bb8f7067bf4",5.723214,1.5335414,29.410883,662,444,2.82842712474619,2,2,3.2034632034632,4.79710144927536,6
"90","57-ZAT12-5-R24-SR3-FLT542-C-AQ1.tif",2,"6d3a6313-9550-4e6a-94d3-2bf5bda418a5",6.3006535,1.653527,27.202942,846,536,3,3,0,3.86724386724387,6.1304347826087,6
"91","57-ZAT12-5-R24-SR3-FLT542-C-AQ1.tif",2,"5295d18b-0386-440b-b844-163e96108384",7.394191,2.2892816,60.00833,667,597,8.06225774829855,1,8,4.30735930735931,4.83333333333333,6
"92","57-ZAT12-5-R24-SR3-FLT542-C-AQ1.tif",2,"70fc0e3b-3945-4db0-9c9d-51cf42eba99e",7.7989416,2.533243,30.413813,431,613,6.08276253029822,6,1,4.42279942279942,3.1231884057971,6
"93","57-ZAT12-5-R24-SR3-FLT542-C-AQ1.tif",2,"50e16d59-143f-45c9-923e-f0defbdf1fd1",6.6216216,1.8563266,42.80187,668,638,1.4142135623731,1,1,4.6031746031746,4.84057971014493,6
"94","57-ZAT12-5-R24-SR3-FLT542-C-AQ1.tif",2,"ff70ca6f-8947-4163-9570-5efafecfb9ba",6.104651,1.9476191,38.013157,565,662,0,0,0,4.77633477633478,4.09420289855072,6
"95","57-ZAT12-5-R24-SR3-FLT542-C-AQ1.tif",2,"7a6d3a6b-3aab-4503-bf90-20fee9671f8d",6.754386,2.0077922,26,717,656,1,0,1,4.73304473304473,5.19565217391304,6
"96","57-ZAT12-5-R24-SR3-FLT542-C-AQ1.tif",2,"44e350d9-e591-41c3-8a77-7611027519ae",6.8471336,2.2688372,29.206163,526,753,2.23606797749979,2,1,5.43290043290043,3.81159420289855,6
"97","57-ZAT12-5-R24-SR3-FLT542-C-AQ1.tif",2,"75318833-986a-4f3f-8ae9-30d58b5e8aad",6.6991153,1.8797885,27.730848,697,765,2.82842712474619,2,2,5.51948051948052,5.05072463768116,6
"98","57-ZAT12-5-R24-SR3-FLT542-C-AQ1.tif",2,"3fec6490-cb1a-4274-8226-1cb8b4662615",8.906433,1.8818122,29.832869,1092,762,1.4142135623731,1,1,5.4978354978355,7.91304347826087,6
"99","57-ZAT12-5-R24-SR3-FLT542-C-AQ1.tif",2,"1db6f280-2019-44da-8dbd-351fde442f9d",7.487805,2.2899022,22.803509,379,805,2,2,0,5.80808080808081,2.7463768115942,6
"100","57-ZAT12-5-R24-SR3-FLT542-C-AQ1.tif",2,"d681401f-cbe1-45fd-bcff-ad7fff3a5060",6.992647,2.218717,25.495098,459,852,3,3,0,6.14718614718615,3.32608695652174,6
"101","57-ZAT12-5-R24-SR3-FLT542-C-AQ1.tif",2,"8604364a-b658-4f8e-bacc-2fe02cc4c265",7.983333,2.6492693,21.377558,625,871,2,2,0,6.28427128427128,4.52898550724638,6
"102","57-ZAT12-5-R24-SR3-FLT542-C-AQ1.tif",2,"e0f101f2-3636-4a68-892d-e849067b2aa4",8.119205,2.6288745,27.89265,544,904,2.23606797749979,1,2,6.52236652236652,3.94202898550725,6
"103","57-ZAT12-5-R24-SR3-FLT542-C-AQ1.tif",2,"b1f2c9a0-87be-4a9f-8d72-3c453ad1e51e",9.489796,2.6616488,30.083218,649,937,2.23606797749979,2,1,6.76046176046176,4.70289855072464,6
"104","57-ZAT12-5-R24-SR3-FLT542-C-AQ1.tif",2,"53ab9f95-15d2-4f06-9aba-0e42320cc354",13.801075,2.5409038,49.24429,1619,1039,1,0,1,7.4963924963925,11.731884057971,6
"105","57-ZAT12-5-R24-SR3-FLT542-C-AQ1.tif",2,"4b1e2a38-4c71-4640-928a-d364724fce38",6.4099617,2.235505,55.578773,723,1057,2.82842712474619,2,2,7.62626262626263,5.23913043478261,6
"106","57-ZAT12-5-R24-SR3-FLT542-C-AQ1.tif",2,"63cd21f4-3280-48af-a128-338d42248e08",7.643357,1.7529734,26.476404,1216,1041,22.0227155455452,1,22,7.51082251082251,8.81159420289855,6
"107","57-ZAT12-5-R24-SR3-FLT542-C-AQ1.tif",2,"c04d60e4-980a-4bf5-87eb-1c8c575d3492",9.052631,2.8488374,50.606323,1353,1078,1,0,1,7.77777777777778,9.80434782608696,6
"108","57-ZAT12-5-R24-SR3-FLT542-C-AQ1.tif",2,"7b60a577-90bf-4192-86e4-4e421d332408",7.8429317,2.5547397,24.596748,564,1089,8.24621125123532,2,8,7.85714285714286,4.08695652173913,6
"109","57-ZAT12-5-R24-SR3-FLT542-C-AQ1.tif",2,"c0bcede9-64a2-498a-ac20-31f185e5932c",5.6929827,1.7711864,40,176,1181,2,2,0,8.52092352092352,1.27536231884058,6
"110","57-ZAT12-5-R24-SR3-FLT542-C-AQ1.tif",2,"47919d5d-9bad-4344-b9e7-bdcdfc15ba1a",8.050692,2.7945046,34.48188,748,1178,1.4142135623731,1,1,8.4992784992785,5.42028985507246,6
"111","57-ZAT12-5-R24-SR3-FLT542-C-AQ1.tif",2,"ec6cd047-d4bf-4dc2-93e4-f5b8d45c897e",9.816793,2.818818,20.808653,741,1209,1,1,0,8.72294372294372,5.3695652173913,6
"112","57-ZAT12-5-R24-SR3-FLT542-C-AQ1.tif",2,"c4d89a40-88be-46e5-8fd5-743efbfa5b9c",10.556213,2.399103,52.46904,1016,1234,2.23606797749979,1,2,8.9033189033189,7.36231884057971,6
"113","57-ZAT12-5-R24-SR3-FLT542-C-AQ1.tif",2,"6e3cf1d5-cd73-4180-b152-d81cf702665e",6.5663266,2.5415695,45.122055,849,1242,1,1,0,8.96103896103896,6.15217391304348,6
"114","57-ZAT12-5-R24-SR3-FLT542-C-AQ1.tif",2,"0ae37972-1706-4d28-b759-fcd919fb0f33",7.9772725,2.1589744,41.785164,508,1258,1.4142135623731,1,1,9.07647907647908,3.68115942028985,6
"115","57-ZAT12-5-R24-SR3-FLT542-C-AQ1.tif",2,"d230f3b1-5165-4b25-9a2d-41fd64b9fe90",13.641248,2.9442255,86.34813,1694,1300,9.05538513813742,1,9,9.37950937950938,12.2753623188406,6
"116","57-ZAT12-5-R24-SR3-FLT542-C-AQ1.tif",2,"32b6ab63-0d55-4d30-a59a-5ea3e6fb7df9",7.455128,2.399398,36.71512,742,1271,0,0,0,9.17027417027417,5.3768115942029,6
"117","57-ZAT12-5-R24-SR3-FLT542-C-AQ1.tif",2,"66b8a741-b72f-4db5-b685-c4bb8d59f370",17.791836,2.7710485,34.48188,1307,1279,2.23606797749979,2,1,9.22799422799423,9.47101449275362,6
"118","57-ZAT12-5-R24-SR3-FLT542-C-AQ1.tif",2,"dadc047a-d578-462a-a3f0-72c87c94e8cd",18.755814,2.5208929,48.270073,1428,1296,4.12310562561766,1,4,9.35064935064935,10.3478260869565,6
"119","57-ZAT12-5-R24-SR3-FLT542-C-AQ1.tif",2,"41e455e0-9a14-4caa-adc8-4729513e9456",9.453238,2.5569825,116.1034,1502,1369,4.47213595499958,2,4,9.87734487734488,10.8840579710145,6
"120","57-ZAT12-5-R24-SR3-FLT542-C-AQ1.tif",2,"26f1f38a-51ea-48cc-9e9f-148c2fca80c9",8.910959,2.0199845,27.658634,1448,1335,0,0,0,9.63203463203463,10.4927536231884,6
"121","57-ZAT12-5-R24-SR3-FLT542-C-AQ1.tif",2,"5477efe3-9eab-4e34-a9e4-e2082f119831",7.360656,2.3942094,45.221676,580,1360,2,2,0,9.81240981240981,4.20289855072464,6
"122","57-ZAT12-5-R24-SR3-FLT542-C-AQ1.tif",2,"9e3b4d23-1113-4abd-8a0a-47e4ebc0db70",12.879093,2.614512,61.46544,1395,1384,2,2,0,9.98556998556999,10.1086956521739,6
"123","57-ZAT12-5-R24-SR3-FLT542-C-AQ1.tif",2,"4c2a7a9d-ac94-49b6-849f-e3d87ed3389f",11.527094,2.8386753,56.753853,799,1472,2.82842712474619,2,2,10.6204906204906,5.78985507246377,6
"124","57-ZAT12-5-R24-SR3-FLT542-C-AQ1.tif",2,"215a6957-7af1-408e-9b3d-d44ffc10360b",6.6494465,1.9594895,56.859474,662,1491,1,1,0,10.7575757575758,4.79710144927536,6
"125","57-ZAT12-5-R24-SR3-FLT542-C-AQ1.tif",2,"cad56bb3-e5c4-4ba0-b888-57bd63455185",10.868217,2.7368045,20,755,1512,3.60555127546399,2,3,10.9090909090909,5.47101449275362,6
"126","57-ZAT12-5-R24-SR3-FLT542-C-AQ1.tif",2,"0f126333-791a-445a-b7f8-04a61cabf8c4",6.288306,1.9907023,95.42536,706,1589,12.7279220613579,9,9,11.4646464646465,5.11594202898551,6
"127","57-ZAT12-5-R24-SR3-FLT542-C-AQ1.tif",2,"85d42497-9a1c-47fd-b609-235c31d86934",10.159091,2.5801642,22.022715,1121,1569,0,0,0,11.3203463203463,8.1231884057971,6
"128","57-ZAT12-5-R24-SR3-FLT542-C-AQ1.tif",2,"e1586f67-d2a7-4285-a518-f51dd6e7ed15",14.658163,3.0666552,48.166378,979,1636,1,1,0,11.8037518037518,7.09420289855072,6
"129","57-ZAT12-5-R24-SR3-FLT542-C-AQ1.tif",2,"3a3ef47a-a305-445e-aaa8-81fa53a9a095",11.784483,2.8229702,18.439089,889,1679,1,1,0,12.1139971139971,6.44202898550725,6
"130","57-ZAT12-5-R24-SR3-FLT542-C-AQ1.tif",2,"2c77ab12-869c-4fd4-bed9-688d6d015e0f",9.044118,2.4601626,36.23534,743,1692,0,0,0,12.2077922077922,5.38405797101449,6
"131","57-ZAT12-5-R24-SR3-FLT542-C-AQ1.tif",2,"1055a0c4-a0e5-41a2-899b-aaa412c674a7",12.1595745,3.2946193,48.8467,812,1713,1,1,0,12.3593073593074,5.88405797101449,6
"132","57-ZAT12-5-R24-SR3-FLT542-C-AQ1.tif",2,"d9c8323f-9ccd-4765-a713-83ca0e72e4bf",7.5049505,1.9630607,34.655445,1338,1718,0,0,0,12.3953823953824,9.69565217391304,6
"133","57-ZAT12-5-R24-SR3-FLT542-C-AQ1.tif",2,"597cabc7-0e97-41c2-ad73-a86183990662",11.856589,3.1193202,30,981,1743,1.4142135623731,1,1,12.5757575757576,7.10869565217391,6
"134","57-ZAT12-5-R24-SR3-FLT542-C-AQ1.tif",2,"d782d94e-33b0-4cc5-ab28-5e494160e2b9",10.431159,2.8284128,37.215588,1092,1811,1,0,1,13.0663780663781,7.91304347826087,6
"135","57-ZAT12-5-R24-SR3-FLT542-C-AQ1.tif",2,"fb60ed50-3c83-4ee1-bf4a-be342fd8d19d",7.284024,2.1161656,29.206163,1215,1853,0,0,0,13.3694083694084,8.80434782608696,6
"136","57-ZAT12-5-R24-SR3-FLT542-C-AQ1.tif",2,"1e7fcefe-ed16-46a7-a099-29c6adeb9f5f",7.662791,2.4650984,31.320919,817,1902,2.23606797749979,2,1,13.7229437229437,5.92028985507246,6
"137","57-ZAT12-5-R24-SR3-FLT542-C-AQ1.tif",2,"74640aac-0c55-42ce-b35c-389161385eb8",6.589947,1.8988358,56.82429,1181,1902,2.23606797749979,2,1,13.7229437229437,8.55797101449275,6
"138","57-ZAT12-5-R24-SR3-FLT542-C-AQ1.tif",2,"6d9bd9e8-0874-4088-89db-be1e9afba620",10.235698,2.8269618,62.1289,792,1931,2.23606797749979,2,1,13.9321789321789,5.73913043478261,6
"139","57-ZAT12-5-R24-SR3-FLT542-C-AQ1.tif",2,"b797f3fb-ec60-4561-a2ca-f3ecc129e7c0",9.302521,2.364047,20.880613,798,1961,3.60555127546399,3,2,14.1486291486291,5.78260869565217,6
"140","57-ZAT12-5-R24-SR3-FLT542-C-AQ1.tif",2,"7c79dbca-7477-40d8-b1e0-0f6b517eef38",6.3287673,2.1839826,25.612497,880,2029,3.16227766016838,3,1,14.6392496392496,6.3768115942029,6
"141","57-ZAT12-5-R24-SR3-FLT542-C-AQ1.tif",2,"22002b18-6717-4a65-8dd5-76570bf68c60",7.1049385,2.2276282,24.166092,852,2131,2.23606797749979,1,2,15.3751803751804,6.17391304347826,6
"142","57-ZAT12-5-R24-SR3-FLT542-C-AQ1.tif",2,"9ed9132c-2067-4f3f-adbf-a537a718a211",7.0539217,2.239055,22.472204,909,2245,2.82842712474619,2,2,16.1976911976912,6.58695652173913,6
"143","57-ZAT12-5-R24-SR3-FLT542-C-AQ1.tif",2,"d2d7950a-995d-4ed7-95d6-38bc0ca273fd",6.571429,2.5,22.671568,947,2304,2.23606797749979,1,2,16.6233766233766,6.86231884057971,6
"144","57-ZAT12-5-R24-SR3-FLT542-C-AQ1.tif",2,"7b79a5a3-6ef4-4630-a7a5-abd95ab4475f",7.3884296,2.3165548,19.849434,899,2331,0,0,0,16.8181818181818,6.51449275362319,6
"145","57-ZAT12-5-R24-SR3-FLT542-C-AQ1.tif",2,"066fd8ca-9952-4081-afaa-0816ae86cbbd",5.9535785,2.0649772,79.07591,879,2587,1.4142135623731,1,1,18.6652236652237,6.3695652173913,6
"146","57-ZAT12-5-R24-SR5-FLT542-C-AQ2.tif",3,"5295d18b-0386-440b-b844-163e96108384",6.62069,2.3580728,21.095022,666,602,5.09901951359278,1,5,4.34343434343434,4.82608695652174,6
"147","57-ZAT12-5-R24-SR5-FLT542-C-AQ2.tif",3,"70fc0e3b-3945-4db0-9c9d-51cf42eba99e",6.668639,2.2040815,33.54102,434,612,3.16227766016838,3,1,4.41558441558442,3.14492753623188,6
"148","57-ZAT12-5-R24-SR5-FLT542-C-AQ2.tif",3,"578bca02-de2e-4188-af12-0c3d52b32b00",8.021898,2.6023655,26.400757,487,623,0,0,0,4.49494949494949,3.52898550724638,6
"149","57-ZAT12-5-R24-SR5-FLT542-C-AQ2.tif",3,"44e350d9-e591-41c3-8a77-7611027519ae",9.307693,2.4183884,17.20465,525,754,1.4142135623731,1,1,5.44011544011544,3.80434782608696,6
"150","57-ZAT12-5-R24-SR5-FLT542-C-AQ2.tif",3,"e0f101f2-3636-4a68-892d-e849067b2aa4",8.130953,2.354319,17.464249,547,906,3.60555127546399,3,2,6.53679653679654,3.96376811594203,6
"151","57-ZAT12-5-R24-SR5-FLT542-C-AQ2.tif",3,"53ab9f95-15d2-4f06-9aba-0e42320cc354",9.806123,1.9594171,33.12099,1623,1043,5.65685424949238,4,4,7.52525252525253,11.7608695652174,6
"152","57-ZAT12-5-R24-SR5-FLT542-C-AQ2.tif",3,"c04d60e4-980a-4bf5-87eb-1c8c575d3492",6.1793103,2.0703125,34.058773,1353,1077,1,0,1,7.77056277056277,9.80434782608696,6
"153","57-ZAT12-5-R24-SR5-FLT542-C-AQ2.tif",3,"c0bcede9-64a2-498a-ac20-31f185e5932c",5.601036,1.7446809,40.22437,177,1179,2.23606797749979,1,2,8.50649350649351,1.28260869565217,6
"154","57-ZAT12-5-R24-SR5-FLT542-C-AQ2.tif",3,"47919d5d-9bad-4344-b9e7-bdcdfc15ba1a",6.4248366,2.446592,32.695564,754,1178,6,6,0,8.4992784992785,5.46376811594203,6
"155","57-ZAT12-5-R24-SR5-FLT542-C-AQ2.tif",3,"c4d89a40-88be-46e5-8fd5-743efbfa5b9c",7.980198,2.5570722,22.561028,1016,1249,15,0,15,9.01154401154401,7.36231884057971,6
"156","57-ZAT12-5-R24-SR5-FLT542-C-AQ2.tif",3,"0ae37972-1706-4d28-b759-fcd919fb0f33",7.222772,2.1055517,38.8973,508,1261,3,0,3,9.0981240981241,3.68115942028985,6
"157","57-ZAT12-5-R24-SR5-FLT542-C-AQ2.tif",3,"32b6ab63-0d55-4d30-a59a-5ea3e6fb7df9",6.6879435,2.0805938,25.553865,746,1271,4,4,0,9.17027417027417,5.40579710144928,6
"158","57-ZAT12-5-R24-SR5-FLT542-C-AQ2.tif",3,"66b8a741-b72f-4db5-b685-c4bb8d59f370",10.785714,2.475617,29.529646,1308,1280,1.4142135623731,1,1,9.23520923520924,9.47826086956522,6
"159","57-ZAT12-5-R24-SR5-FLT542-C-AQ2.tif",3,"dadc047a-d578-462a-a3f0-72c87c94e8cd",11.185185,2.2916665,47.518417,1429,1294,2.23606797749979,1,2,9.33621933621934,10.3550724637681,6
"160","57-ZAT12-5-R24-SR5-FLT542-C-AQ2.tif",3,"883a0eb5-aabe-4289-aa81-6a5984c1c43d",6.76699,1.9454807,15.6205,572,1285,0,0,0,9.27128427128427,4.14492753623188,6
"161","57-ZAT12-5-R24-SR5-FLT542-C-AQ2.tif",3,"d230f3b1-5165-4b25-9a2d-41fd64b9fe90",10.108,2.0292838,41.773197,1697,1309,9.48683298050514,3,9,9.44444444444444,12.2971014492754,6
"162","57-ZAT12-5-R24-SR5-FLT542-C-AQ2.tif",3,"41e455e0-9a14-4caa-adc8-4729513e9456",8.129555,1.9198207,45.88028,1484,1361,19.6977156035922,18,8,9.81962481962482,10.7536231884058,6
"163","57-ZAT12-5-R24-SR5-FLT542-C-AQ2.tif",3,"5477efe3-9eab-4e34-a9e4-e2082f119831",8.494949,2.4262784,33.30165,579,1362,2.23606797749979,1,2,9.82683982683983,4.19565217391304,6
"164","57-ZAT12-5-R24-SR5-FLT542-C-AQ2.tif",3,"b7399b8b-8ed5-4da2-81ab-55ca51707abe",7.933921,2.1774013,80.280754,1523,1385,0,0,0,9.99278499278499,11.036231884058,6
"165","57-ZAT12-5-R24-SR5-FLT542-C-AQ2.tif",3,"9e3b4d23-1113-4abd-8a0a-47e4ebc0db70",9.837838,2.054945,45.617977,1395,1388,4,0,4,10.01443001443,10.1086956521739,6
"166","57-ZAT12-5-R24-SR5-FLT542-C-AQ2.tif",3,"b0a9875b-52d7-41fa-996b-2842439332d4",5.2357144,1.6166439,42.047592,513,1403,0,0,0,10.1226551226551,3.71739130434783,6
"167","57-ZAT12-5-R24-SR5-FLT542-C-AQ2.tif",3,"4c2a7a9d-ac94-49b6-849f-e3d87ed3389f",8.831819,2.9104476,39.849716,797,1479,7.28010988928052,2,7,10.6709956709957,5.77536231884058,6
"168","57-ZAT12-5-R24-SR5-FLT542-C-AQ2.tif",3,"215a6957-7af1-408e-9b3d-d44ffc10360b",6.931937,1.6918429,40.311287,653,1493,9.21954445729289,9,2,10.7720057720058,4.73188405797101,6
"169","57-ZAT12-5-R24-SR5-FLT542-C-AQ2.tif",3,"cad56bb3-e5c4-4ba0-b888-57bd63455185",7.256,2.3980153,23.021729,754,1508,4.12310562561766,1,4,10.8802308802309,5.46376811594203,6
"170","57-ZAT12-5-R24-SR5-FLT542-C-AQ2.tif",3,"0f126333-791a-445a-b7f8-04a61cabf8c4",6.809816,2.0093093,90.27181,705,1589,1,1,0,11.4646464646465,5.10869565217391,6
"171","57-ZAT12-5-R24-SR5-FLT542-C-AQ2.tif",3,"e1586f67-d2a7-4285-a518-f51dd6e7ed15",9.313901,2.619644,33.06055,980,1636,1,1,0,11.8037518037518,7.10144927536232,6
"172","57-ZAT12-5-R24-SR5-FLT542-C-AQ2.tif",3,"2c77ab12-869c-4fd4-bed9-688d6d015e0f",8.372694,2.2393124,38.27532,743,1690,2,0,2,12.1933621933622,5.38405797101449,6
"173","57-ZAT12-5-R24-SR5-FLT542-C-AQ2.tif",3,"1055a0c4-a0e5-41a2-899b-aaa412c674a7",11.039344,2.960796,40.311287,812,1713,0,0,0,12.3593073593074,5.88405797101449,6
"174","57-ZAT12-5-R24-SR5-FLT542-C-AQ2.tif",3,"d9c8323f-9ccd-4765-a713-83ca0e72e4bf",5.7217393,1.586626,28.42534,1337,1717,1.4142135623731,1,1,12.3881673881674,9.68840579710145,6
"175","57-ZAT12-5-R24-SR5-FLT542-C-AQ2.tif",3,"597cabc7-0e97-41c2-ad73-a86183990662",10.7378645,3.1808317,18.027756,979,1745,2.82842712474619,2,2,12.5901875901876,7.09420289855072,6
"176","57-ZAT12-5-R24-SR5-FLT542-C-AQ2.tif",3,"d782d94e-33b0-4cc5-ab28-5e494160e2b9",8.1470585,2.697473,31.304953,1093,1813,2.23606797749979,1,2,13.0808080808081,7.92028985507246,6
"177","57-ZAT12-5-R24-SR5-FLT542-C-AQ2.tif",3,"1e7fcefe-ed16-46a7-a099-29c6adeb9f5f",5.965909,2.030476,25.298222,817,1902,0,0,0,13.7229437229437,5.92028985507246,6
"178","57-ZAT12-5-R24-SR5-FLT542-C-AQ2.tif",3,"6d9bd9e8-0874-4088-89db-be1e9afba620",9.077114,2.4456017,62.425957,791,1931,1,1,0,13.9321789321789,5.73188405797101,6
"179","57-ZAT12-5-R24-SR5-FLT542-C-AQ2.tif",3,"74640aac-0c55-42ce-b35c-389161385eb8",6.326389,1.8232712,25.059929,1193,1909,13.8924439894498,12,7,13.7734487734488,8.64492753623188,6
"180","57-ZAT12-5-R24-SR5-FLT542-C-AQ2.tif",3,"b797f3fb-ec60-4561-a2ca-f3ecc129e7c0",7.101124,2.2689874,17.492855,796,1959,2.82842712474619,2,2,14.1341991341991,5.76811594202899,6
"181","57-ZAT12-5-R24-SR5-FLT542-C-AQ2.tif",3,"9ed9132c-2067-4f3f-adbf-a537a718a211",5.755319,1.8743069,13.601471,906,2246,3.16227766016838,3,1,16.2049062049062,6.56521739130435,6
"182","57-ZAT12-5-R24-SR5-FLT542-C-AQ2.tif",3,"066fd8ca-9952-4081-afaa-0816ae86cbbd",5.7427983,1.9699033,77.27872,877,2590,3.60555127546399,2,3,18.6868686868687,6.35507246376812,6
"183","57-ZAT12-5-R24-SR6-FLT542-C-AQ1.tif",4,"e360b37b-79d9-46c1-9742-2d3b3de142fc",5.9363637,1.9831547,22.671568,853,528,0,0,0,3.80952380952381,6.18115942028986,6
"184","57-ZAT12-5-R24-SR6-FLT542-C-AQ1.tif",4,"5d7bb5a0-7656-4a93-b98a-05ed33d54aeb",5.758929,1.8124031,34.20526,932,1075,0,0,0,7.75613275613276,6.7536231884058,6
"185","57-ZAT12-5-R24-SR6-FLT542-C-AQ1.tif",4,"c4d89a40-88be-46e5-8fd5-743efbfa5b9c",8.281879,2.3225284,32.38827,1018,1247,2.82842712474619,2,2,8.997113997114,7.3768115942029,6
"186","57-ZAT12-5-R24-SR6-FLT542-C-AQ1.tif",4,"dadc047a-d578-462a-a3f0-72c87c94e8cd",6.0795455,1.5906543,23.086792,1428,1290,4.12310562561766,1,4,9.30735930735931,10.3478260869565,6
"187","57-ZAT12-5-R24-SR6-FLT542-C-AQ1.tif",4,"5477efe3-9eab-4e34-a9e4-e2082f119831",6.95098,2.1551483,21.633308,576,1365,4.24264068711928,3,3,9.84848484848485,4.17391304347826,6
"188","57-ZAT12-5-R24-SR6-FLT542-C-AQ1.tif",4,"9e3b4d23-1113-4abd-8a0a-47e4ebc0db70",6.106383,1.5418118,23.021729,1396,1391,3.16227766016838,1,3,10.036075036075,10.1159420289855,6
"189","57-ZAT12-5-R24-SR6-FLT542-C-AQ1.tif",4,"b7399b8b-8ed5-4da2-81ab-55ca51707abe",5.3854165,1.622824,29.068884,1536,1395,16.4012194668567,13,10,10.0649350649351,11.1304347826087,6
"190","57-ZAT12-5-R24-SR6-FLT542-C-AQ1.tif",4,"215a6957-7af1-408e-9b3d-d44ffc10360b",5.1546392,1.574,31.906113,647,1496,6.70820393249937,6,3,10.7936507936508,4.68840579710145,6
"191","57-ZAT12-5-R24-SR6-FLT542-C-AQ1.tif",4,"0f126333-791a-445a-b7f8-04a61cabf8c4",5.6153846,1.7513171,44.28318,692,1602,18.3847763108502,13,13,11.5584415584416,5.01449275362319,6
"192","57-ZAT12-5-R24-SR6-FLT542-C-AQ1.tif",4,"e1586f67-d2a7-4285-a518-f51dd6e7ed15",5.4078946,3.1435523,23.086792,982,1644,8.24621125123532,2,8,11.8614718614719,7.11594202898551,6
"193","57-ZAT12-5-R24-SR6-FLT542-C-AQ1.tif",4,"2c77ab12-869c-4fd4-bed9-688d6d015e0f",6.395238,1.8741623,42.190044,744,1684,6.08276253029822,1,6,12.1500721500722,5.39130434782609,6
"194","57-ZAT12-5-R24-SR6-FLT542-C-AQ1.tif",4,"1055a0c4-a0e5-41a2-899b-aaa412c674a7",7.737805,2.5208826,26.925823,810,1719,6.32455532033676,2,6,12.4025974025974,5.8695652173913,6
"195","57-ZAT12-5-R24-SR6-FLT542-C-AQ1.tif",4,"d782d94e-33b0-4cc5-ab28-5e494160e2b9",8.8109455,2.5584414,35.468296,1094,1810,3.16227766016838,1,3,13.0591630591631,7.92753623188406,6
"196","57-ZAT12-5-R24-SR6-FLT542-C-AQ1.tif",4,"74640aac-0c55-42ce-b35c-389161385eb8",6.0620155,1.7161126,23.259407,1199,1912,6.70820393249937,6,3,13.7950937950938,8.68840579710145,6
"197","57-ZAT12-5-R24-SR6-FLT542-C-AQ1.tif",4,"e47d2583-d13a-468f-bd2f-7af41b7f2356",5.328125,1.6891496,16.155495,1114,1932,0,0,0,13.9393939393939,8.07246376811594,6
"198","57-ZAT12-5-R24-SR6-FLT542-C-AQ1.tif",4,"6d9bd9e8-0874-4088-89db-be1e9afba620",6.7218046,2.2326622,24.207438,784,1945,15.6524758424985,7,14,14.033189033189,5.68115942028986,6
"199","57-ZAT12-5-R24-SR6-FLT542-C-AQ1.tif",4,"849ca402-8e99-4ba6-86c5-6924385569ec",5.9210525,1.7266667,17.691807,870,2040,0,0,0,14.7186147186147,6.30434782608696,6
"200","57-ZAT12-5-R24-SR6-FLT542-C-AQ1.tif",4,"12602528-3005-48b2-b1cb-f6ce8776b7f0",6.9117646,1.9744681,13.453624,846,2072,0,0,0,14.9494949494949,6.1304347826087,6
"201","57-ZAT12-5-R24-SR6-FLT542-C-AQ1.tif",4,"9ed9132c-2067-4f3f-adbf-a537a718a211",5.6707315,1.9376343,17.720045,903,2253,7.61577310586391,3,7,16.2554112554113,6.54347826086957,6
"202","57-ZAT12-5-R24-SR6-FLT542-C-AQ1.tif",4,"da88e70f-0fa1-451d-866f-b9d6baea227e",5.378788,1.9549296,14.422205,956,2308,0,0,0,16.6522366522367,6.92753623188406,6
"203","57-ZAT12-5-R24-SR6-FLT542-C-AQ1.tif",4,"61938b04-4fa6-48ac-825b-cf47a044af78",6.4925375,2.0712643,15.264338,892,2335,0,0,0,16.8470418470418,6.46376811594203,6
"204","57-ZAT12-5-R24-SR6-FLT542-C-AQ1.tif",4,"066fd8ca-9952-4081-afaa-0816ae86cbbd",5,1.8100001,14.764823,877,2603,13,0,13,18.7806637806638,6.35507246376812,6
"205","57-ZAT12-5-R24-SR7-FLT542-C-AQ1.tif",5,"b5c7ebb0-312f-4b9c-874e-255ad8573253",6.720588,2.4945295,11.18034,411,623,0,0,0,4.49494949494949,2.97826086956522,6
"206","57-ZAT12-5-R24-SR7-FLT542-C-AQ1.tif",5,"d48b0807-f67d-42d9-b647-981ed2e48743",6.4714284,1.9315674,14.56022,577,855,0,0,0,6.16883116883117,4.18115942028986,6
"207","57-ZAT12-5-R24-SR7-FLT542-C-AQ1.tif",5,"ddb15516-14f8-439b-9f1b-a832c07a86dc",5.717949,1.9237667,17.088007,616,863,0,0,0,6.22655122655123,4.46376811594203,6
"208","57-ZAT12-5-R24-SR7-FLT542-C-AQ1.tif",5,"56077c11-890e-41f7-960e-6f3cebe772c7",6.6805553,2.1247401,17.20465,731,1066,0,0,0,7.69119769119769,5.29710144927536,6
"209","57-ZAT12-5-R24-SR7-FLT542-C-AQ1.tif",5,"e6d95ad1-f8f8-4e33-9992-d2cb78affc4e",6.411111,2.3795495,17.492855,726,1219,0,0,0,8.79509379509379,5.26086956521739,6
"210","57-ZAT12-5-R24-SR7-FLT542-C-AQ1.tif",5,"c4d89a40-88be-46e5-8fd5-743efbfa5b9c",5.8125,1.9193548,18.439089,1017,1250,3.16227766016838,1,3,9.01875901875902,7.3695652173913,6
"211","57-ZAT12-5-R24-SR7-FLT542-C-AQ1.tif",5,"2c77ab12-869c-4fd4-bed9-688d6d015e0f",5.575949,1.8036323,34.98571,743,1676,8.06225774829855,1,8,12.0923520923521,5.38405797101449,6
"212","57-ZAT12-5-R24-SR7-FLT542-C-AQ1.tif",5,"1055a0c4-a0e5-41a2-899b-aaa412c674a7",10.949495,2.8053505,16.643316,804,1725,8.48528137423857,6,6,12.4458874458874,5.82608695652174,6
"213","57-ZAT12-5-R24-SR7-FLT542-C-AQ1.tif",5,"d782d94e-33b0-4cc5-ab28-5e494160e2b9",6.2077923,1.960251,15.524175,1096,1811,2.23606797749979,2,1,13.0663780663781,7.94202898550725,6
"214","57-ZAT12-5-R24-SR7-FLT542-C-AQ1.tif",5,"6d9bd9e8-0874-4088-89db-be1e9afba620",7.6185565,2.775372,15.652476,776,1954,12.0415945787923,8,9,14.0981240981241,5.6231884057971,6
"215","57-ZAT12-5-R24-SR7-FLT542-C-AQ1.tif",5,"e9b17b60-f785-40ee-8b33-2654279f7a48",7.0491805,2.3255813,10.770329,785,1963,0,0,0,14.1630591630592,5.68840579710145,6
"216","57-ZAT12-5-R24-SR7-FLT542-C-AQ1.tif",5,"849ca402-8e99-4ba6-86c5-6924385569ec",8.130769,2.0690634,20.615528,855,2054,20.5182845286832,15,14,14.8196248196248,6.19565217391304,6
"217","57-ZAT12-5-R24-SR7-FLT542-C-AQ1.tif",5,"b95f4eb0-9061-42d0-95eb-d7c034c07c32",6.6555557,1.8130217,14.764823,834,2163,0,0,0,15.6060606060606,6.04347826086957,6
"218","57-ZAT12-5-R24-SR7-FLT542-C-AQ1.tif",5,"6427438e-4c66-498c-999c-762dad7319b0",7.027397,2.0409358,12.806249,1046,2163,0,0,0,15.6060606060606,7.57971014492754,6
"219","57-ZAT12-5-R24-SR7-FLT542-C-AQ1.tif",5,"e9084301-f4c8-484c-8968-3aed4f3074ac",7.4,1.7675675,11.401754,877,2165,0,0,0,15.6204906204906,6.35507246376812,6
"220","57-ZAT12-5-R24-SR7-FLT542-C-AQ1.tif",5,"9ed9132c-2067-4f3f-adbf-a537a718a211",6.7222223,1.9690082,13.038404,891,2256,12.369316876853,12,3,16.2770562770563,6.45652173913043,6
"221","57-ZAT12-5-R24-SR7-FLT542-C-AQ1.tif",5,"da88e70f-0fa1-451d-866f-b9d6baea227e",6.584615,1.932243,13.928389,958,2316,8.24621125123532,2,8,16.7099567099567,6.94202898550725,6
"222","57-ZAT12-5-R24-SR7-FLT542-C-AQ1.tif",5,"61938b04-4fa6-48ac-825b-cf47a044af78",7.0865383,2.0420625,17.20465,880,2339,12.6491106406735,12,4,16.8759018759019,6.3768115942029,6
"223","57-ZAT12-5-R24-SR7-FLT542-C-AQ1.tif",5,"7b143b76-da49-495b-9291-47d4ded38db5",6.125,1.9475219,11.7046995,872,2417,0,0,0,17.4386724386724,6.31884057971014,6
"224","57-ZAT12-5-R24-SR7-FLT542-C-AQ1.tif",5,"69a962a5-2555-4905-8352-2ebf6202b561",6.219178,1.9273127,12.529964,935,2424,0,0,0,17.4891774891775,6.77536231884058,6
