image, coord_x0,coord_y0,coord_x1,coord_y1,coord_x2,coord_y2,coord_x3,coord_y3,coord_x4,coord_y4,coord_x5,coord_y5,coord_x6,coord_y6,coord_x7,coord_y7,coord_x8,coord_y8,coord_x9,coord_y9,coord_x10,coord_y10,coord_x11,coord_y11,coord_x12,coord_y12,coord_x13,coord_y13,coord_x14,coord_y14,coord_x15,coord_y15,coord_x16,coord_y16,coord_x17,coord_y17,coord_x18,coord_y18,coord_x19,coord_y19,coord_x20,coord_y20,coord_x21,coord_y21,coord_x22,coord_y22,coord_x23,coord_y23,coord_x24,coord_y24,coord_x25,coord_y25,coord_x26,coord_y26,coord_x27,coord_y27,coord_x28,coord_y28,coord_x29,coord_y29,coord_x30,coord_y30,coord_x31,coord_y31,coord_x32,coord_y32,coord_x33,coord_y33,coord_x34,coord_y34,coord_x35,coord_y35,coord_x36,coord_y36,coord_x37,coord_y37,coord_x38,coord_y38,coord_x39,coord_y39,diff_x0,cumul_x0,diff_x1,cumul_x1,diff_x2,cumul_x2,diff_x3,cumul_x3,diff_x4,cumul_x4,diff_x5,cumul_x5,diff_x6,cumul_x6,diff_x7,cumul_x7,diff_x8,cumul_x8,diff_x9,cumul_x9,diff_x10,cumul_x10,diff_x11,cumul_x11,diff_x12,cumul_x12,diff_x13,cumul_x13,diff_x14,cumul_x14,diff_x15,cumul_x15,diff_x16,cumul_x16,diff_x17,cumul_x17,diff_x18,cumul_x18,diff_x19,cumul_x19,index
50-22-bay-1-1.tif272.0,0.0,248.0,81.31579,151.0,162.63158,131.0,243.94736,95.0,325.26315,52.0,406.57895,21.0,487.8947,49.0,569.2105,106.0,650.5263,162.0,731.8421,102.0,813.1579,125.0,894.4737,174.0,975.7894,227.0,1057.1052,241.0,1138.421,249.0,1219.7369,245.0,1301.0526,223.0,1382.3684,210.0,1463.6842,230.0,1529.55,237.0,1529.55,227.0,1463.6842,229.0,1382.3684,313.0,1301.0526,336.0,1219.7369,407.0,1138.421,299.0,1057.1052,342.0,975.7894,432.0,894.4737,536.0,813.1579,539.0,731.8421,490.0,650.5263,493.0,569.2105,567.0,487.8947,504.0,406.57895,502.0,325.26315,402.0,243.94736,355.0,162.63158,400.0,81.31579,329.0,0.0,0.09760274,0.09760274,0.26027396,0.35787672,0.34931508,0.7071918,0.46404108,1.1712329,0.69691783,1.8681507,0.77397263,2.6421232,0.9349315,3.5770547,0.760274,4.337329,0.65753424,4.994863,0.6455479,5.640411,0.7431507,6.3835616,0.52568495,6.9092464,0.28767124,7.1969175,0.12328767,7.320205,0.28424656,7.6044517,0.1489726,7.753424,0.11643836,7.8698626,0.0102739725,7.8801365,0.02910959,7.909246,0.011986301,7.921232,1
50-22-bay-2-2.tif179.0,0.0,204.0,78.789474,123.0,157.57895,42.0,236.36841,59.0,315.1579,6.0,393.9474,19.0,472.73682,39.0,551.5263,45.0,630.3158,49.0,709.1053,101.0,787.8948,128.0,866.6842,119.0,945.47363,100.0,1024.2632,96.0,1103.0526,108.0,1181.8422,126.0,1260.6316,110.0,1339.421,117.0,1418.2106,128.0,1482.03,133.0,1482.03,128.0,1418.2106,181.0,1339.421,159.0,1260.6316,220.0,1181.8422,232.0,1103.0526,325.0,1024.2632,302.0,945.47363,342.0,866.6842,362.0,787.8948,372.0,709.1053,478.0,630.3158,494.0,551.5263,406.0,472.73682,408.0,393.9474,406.0,315.1579,418.0,236.36841,356.0,157.57895,306.0,78.789474,278.0,0.0,0.19919518,0.19919518,0.20523138,0.40442657,0.46881288,0.87323946,0.7565392,1.6297786,0.69818914,2.3279676,0.8088531,3.1368208,0.77867204,3.9154928,0.91549295,4.8309855,0.8712274,5.702213,0.6498994,6.3521123,0.5251509,6.877263,0.4305835,7.3078465,0.36820924,7.676056,0.4527163,8.128772,0.27364185,8.402413,0.22535211,8.627766,0.06639839,8.694164,0.14285715,8.837022,0.022132797,8.859155,0.0100603625,8.869215,1
50-22-bay-3-3.tif264.0,0.0,195.0,70.10526,91.0,140.21053,11.0,210.31578,118.0,280.42105,66.0,350.52634,92.0,420.63156,5.0,490.73685,4.0,560.8421,2.0,630.9474,95.0,701.0527,75.0,771.1579,138.0,841.2631,223.0,911.3684,228.0,981.4737,190.0,1051.579,262.0,1121.6842,242.0,1191.7894,271.0,1261.8948,270.0,1318.68,277.0,1318.68,281.0,1261.8948,322.0,1191.7894,318.0,1121.6842,395.0,1051.579,387.0,981.4737,456.0,911.3684,560.0,841.2631,565.0,771.1579,505.0,701.0527,540.0,630.9474,470.0,560.8421,517.0,490.73685,471.0,420.63156,417.0,350.52634,456.0,280.42105,444.0,210.31578,358.0,140.21053,304.0,70.10526,316.0,0.0,0.0920354,0.0920354,0.19292036,0.28495574,0.47256637,0.7575221,0.76637167,1.5238938,0.59823006,2.122124,0.62123895,2.743363,0.67079645,3.4141593,0.9061947,4.320354,0.82477874,5.1451325,0.9522124,6.097345,0.7256637,6.8230085,0.86725664,7.690265,0.74690264,8.437168,0.41238937,8.849558,0.28141594,9.130974,0.36283186,9.493806,0.099115044,9.592921,0.14159292,9.734514,0.017699115,9.7522135,0.0123893805,9.764603,1
50-22-bay-4-1.tif201.0,0.0,148.0,63.157894,180.0,126.31579,165.0,189.47368,158.0,252.63158,149.0,315.7895,91.0,378.94736,57.0,442.10526,0.0,505.26315,187.0,568.4211,184.0,631.579,157.0,694.7368,161.0,757.8947,256.0,821.0527,312.0,884.2105,0.0,947.36847,0.0,1010.5263,210.0,1073.6842,0.0,1136.8422,274.0,1188.0,275.0,1188.0,528.0,1136.8422,215.0,1073.6842,528.0,1010.5263,528.0,947.36847,325.0,884.2105,353.0,821.0527,424.0,757.8947,393.0,694.7368,476.0,631.579,524.0,568.4211,509.0,505.26315,503.0,442.10526,473.0,378.94736,411.0,315.7895,398.0,252.63158,389.0,189.47368,359.0,126.31579,329.0,63.157894,300.0,0.0,0.1875,0.1875,0.34280303,0.530303,0.33901516,0.8693181,0.42424244,1.2935605,0.45454547,1.748106,0.49621212,2.244318,0.7234849,2.967803,0.844697,3.8125,0.9640151,4.776515,0.63825756,5.4147725,0.5530303,5.967803,0.4469697,6.4147725,0.49810606,6.9128785,0.18371212,7.0965905,0.024621213,7.1212115,1.0,8.121212,1.0,9.121212,0.009469697,9.130682,1.0,10.130682,0.0018939395,10.132576,1
50-22-bay-6-3.tif183.0,0.0,88.0,81.210526,78.0,162.42105,62.0,243.63158,57.0,324.8421,30.0,406.05264,14.0,487.26315,45.0,568.4737,93.0,649.6842,89.0,730.8948,276.0,812.1053,116.0,893.3158,283.0,974.5263,259.0,1055.7368,187.0,1136.9474,200.0,1218.158,0.0,1299.3684,0.0,1380.579,222.0,1461.7896,215.0,1527.57,220.0,1527.57,230.0,1461.7896,424.0,1380.579,424.0,1299.3684,224.0,1218.158,238.0,1136.9474,263.0,1055.7368,290.0,974.5263,319.0,893.3158,333.0,812.1053,424.0,730.8948,405.0,649.6842,406.0,568.4737,327.0,487.26315,326.0,406.05264,380.0,324.8421,300.0,243.63158,393.0,162.42105,310.0,81.210526,188.0,0.0,0.011792453,0.011792453,0.5235849,0.5353774,0.7429245,1.278302,0.5613208,1.8396227,0.7617925,2.6014152,0.6981132,3.2995284,0.7382075,4.037736,0.8514151,4.889151,0.7358491,5.625,0.7900943,6.4150944,0.13443395,6.549528,0.4787736,7.0283017,0.016509434,7.0448112,0.009433962,7.054245,0.12028302,7.174528,0.056603774,7.231132,1.0,8.2311325,1.0,9.2311325,0.018867925,9.25,0.011792453,9.261792,1
50-22-bay-7-1.tif336.0,0.0,253.0,81.26316,224.0,162.52632,116.0,243.78946,130.0,325.05264,78.0,406.3158,8.0,487.57892,96.0,568.8421,63.0,650.1053,181.0,731.3684,286.0,812.6316,147.0,893.8947,148.0,975.15784,284.0,1056.421,266.0,1137.6842,272.0,1218.9474,226.0,1300.2106,269.0,1381.4736,270.0,1462.7368,293.0,1528.56,295.0,1528.56,285.0,1462.7368,275.0,1381.4736,291.0,1300.2106,279.0,1218.9474,451.0,1137.6842,348.0,1056.421,368.0,975.15784,514.0,893.8947,517.0,812.6316,532.0,731.3684,596.0,650.1053,572.0,568.8421,584.0,487.57892,653.0,406.3158,569.0,325.05264,546.0,243.78946,487.0,162.52632,409.0,81.26316,364.0,0.0,0.04287902,0.04287902,0.2388974,0.28177643,0.4027565,0.68453294,0.65849924,1.3430321,0.6722818,2.0153139,0.8805513,2.8958652,0.8820827,3.777948,0.72894335,4.5068913,0.8162328,5.323124,0.53751916,5.860643,0.35375193,6.214395,0.56202143,6.7764163,0.33690658,7.1133227,0.09800919,7.211332,0.28330782,7.49464,0.010719755,7.5053596,0.099540584,7.6049004,0.0091883615,7.6140885,0.022970904,7.637059,0.0030627872,7.640122,1
50-22-col-2-4.tif315.0,0.0,259.0,54.421055,138.0,108.84211,148.0,163.26315,137.0,217.68422,98.0,272.1053,51.0,326.5263,88.0,380.94736,1.0,435.36844,114.0,489.7895,92.0,544.2106,70.0,598.6316,197.0,653.0526,321.0,707.4737,199.0,761.8947,250.0,816.3158,260.0,870.7369,287.0,925.1579,299.0,979.579,316.0,1023.66,324.0,1023.66,316.0,979.579,309.0,925.1579,434.0,870.7369,381.0,816.3158,373.0,761.8947,423.0,707.4737,567.0,653.0526,572.0,598.6316,563.0,544.2106,621.0,489.7895,620.0,435.36844,617.0,380.94736,584.0,326.5263,612.0,272.1053,508.0,217.68422,514.0,163.26315,429.0,108.84211,359.0,54.421055,316.0,0.0,0.001607717,0.001607717,0.1607717,0.16237941,0.46784565,0.63022506,0.58842444,1.2186495,0.596463,1.8151126,0.82636654,2.641479,0.8569132,3.498392,0.85048234,4.3488746,0.99517685,5.3440514,0.81511253,6.159164,0.75723475,6.9163985,0.80707395,7.7234726,0.5948553,8.318328,0.16398714,8.482315,0.27974278,8.762058,0.21061093,8.97267,0.27974278,9.252413,0.035369776,9.287783,0.02733119,9.315114,0.012861736,9.327976,1
50-22-col-3-3.tif372.0,0.0,332.0,62.157894,264.0,124.31579,188.0,186.47368,153.0,248.63158,90.0,310.7895,12.0,372.94736,119.0,435.10526,107.0,497.26315,91.0,559.4211,278.0,621.579,188.0,683.7368,237.0,745.8947,234.0,808.0527,251.0,870.2105,357.0,932.36847,377.0,994.5263,410.0,1056.6842,410.0,1118.8422,411.0,1169.19,416.0,1169.19,416.0,1118.8422,415.0,1056.6842,433.0,994.5263,476.0,932.36847,492.0,870.2105,478.0,808.0527,525.0,745.8947,699.0,683.7368,686.0,621.579,671.0,559.4211,738.0,497.26315,775.0,435.10526,757.0,372.94736,695.0,310.7895,662.0,248.63158,636.0,186.47368,613.0,124.31579,533.0,62.157894,441.0,0.0,0.089032255,0.089032255,0.25935483,0.3483871,0.45032257,0.79870963,0.5780645,1.3767741,0.6567742,2.0335484,0.78064513,2.8141935,0.9612903,3.7754838,0.84645164,4.6219354,0.81419355,5.436129,0.7483871,6.184516,0.5264516,6.7109675,0.65935487,7.370322,0.3716129,7.7419353,0.3148387,8.056774,0.31096774,8.367742,0.15354839,8.52129,0.07225806,8.593548,0.006451613,8.599999,0.0077419356,8.607741,0.006451613,8.614193,1
50-22-col-4-2.tif283.0,0.0,283.0,46.894737,202.0,93.789474,98.0,140.6842,125.0,187.57895,120.0,234.4737,57.0,281.3684,40.0,328.26315,31.0,375.1579,113.0,422.05264,77.0,468.9474,56.0,515.8421,36.0,562.7368,89.0,609.6316,115.0,656.5263,147.0,703.4211,221.0,750.3158,202.0,797.2105,250.0,844.1053,251.0,882.09,284.0,882.09,257.0,844.1053,264.0,797.2105,289.0,750.3158,329.0,703.4211,418.0,656.5263,521.0,609.6316,453.0,562.7368,525.0,515.8421,557.0,468.9474,679.0,422.05264,607.0,375.1579,559.0,328.26315,552.0,281.3684,570.0,234.4737,568.0,187.57895,574.0,140.6842,485.0,93.789474,423.0,46.894737,337.0,0.0,0.079178885,0.079178885,0.20527859,0.28445747,0.414956,0.6994135,0.6979472,1.3973607,0.6495601,2.0469208,0.6598241,2.706745,0.7258065,3.4325514,0.76099706,4.193548,0.8445748,5.038123,0.829912,5.8680353,0.7038123,6.5718474,0.6876833,7.2595305,0.61143696,7.8709674,0.6334311,8.504398,0.44428152,8.94868,0.26686218,9.215542,0.09970675,9.3152485,0.09090909,9.4061575,0.01026393,9.416422,0.048387095,9.464809,1
50-22-col-5-1.tif335.0,0.0,270.0,48.105263,168.0,96.210526,192.0,144.31578,190.0,192.42105,132.0,240.52632,97.0,288.63156,127.0,336.73685,102.0,384.8421,35.0,432.9474,0.0,481.05264,112.0,529.1579,65.0,577.2631,48.0,625.3684,261.0,673.4737,234.0,721.579,295.0,769.6842,335.0,817.7895,339.0,865.8948,338.0,904.86,345.0,904.86,369.0,865.8948,461.0,817.7895,460.0,769.6842,478.0,721.579,482.0,673.4737,542.0,625.3684,550.0,577.2631,529.0,529.1579,475.0,481.05264,466.0,432.9474,628.0,384.8421,562.0,336.73685,504.0,288.63156,537.0,240.52632,508.0,192.42105,483.0,144.31578,460.0,96.210526,438.0,48.105263,379.0,0.0,0.070063695,0.070063695,0.26751593,0.3375796,0.46496814,0.80254775,0.4633758,1.2659235,0.5063694,1.7722929,0.64490443,2.4171972,0.6480892,3.0652864,0.6926752,3.7579615,0.8375796,4.595541,0.68630576,5.281847,0.7563694,6.0382166,0.66401273,6.7022295,0.772293,7.4745226,0.7866242,8.261147,0.35191083,8.613057,0.38853502,9.001593,0.26273885,9.264332,0.20063694,9.464969,0.0477707,9.512739,0.011146497,9.523886,1
50-22-sha-2-1.tif387.0,0.0,274.0,76.36842,167.0,152.73685,179.0,229.10526,47.0,305.4737,0.0,381.84213,104.0,458.2105,94.0,534.5789,49.0,610.9474,269.0,687.3158,303.0,763.68427,362.0,840.0526,362.0,916.421,323.0,992.7895,346.0,1069.1578,366.0,1145.5264,357.0,1221.8948,341.0,1298.2632,296.0,1374.6316,326.0,1436.49,333.0,1436.49,376.0,1374.6316,359.0,1298.2632,362.0,1221.8948,371.0,1145.5264,391.0,1069.1578,418.0,992.7895,435.0,916.421,530.0,840.0526,475.0,763.68427,757.0,687.3158,653.0,610.9474,668.0,534.5789,759.0,458.2105,753.0,381.84213,531.0,305.4737,602.0,229.10526,736.0,152.73685,658.0,76.36842,464.0,0.0,0.09935484,0.09935484,0.49548388,0.59483874,0.73419356,1.3290323,0.54580647,1.8748388,0.6245161,2.4993548,0.97161293,3.4709678,0.8451613,4.316129,0.7406452,5.056774,0.7793548,5.836129,0.6296774,6.4658065,0.22193548,6.6877418,0.2167742,6.9045157,0.09419355,6.998709,0.12258065,7.1212897,0.058064517,7.179354,0.006451613,7.185806,0.006451613,7.1922574,0.023225807,7.215483,0.103225805,7.318709,0.009032258,7.327741,1
50-22-sha-3-1.tif436.0,0.0,375.0,71.94737,208.0,143.89474,81.0,215.8421,68.0,287.7895,122.0,359.73685,0.0,431.6842,126.0,503.63156,273.0,575.579,343.0,647.5263,414.0,719.4737,453.0,791.421,403.0,863.3684,477.0,935.3158,383.0,1007.2631,530.0,1079.2106,553.0,1151.158,578.0,1223.1052,586.0,1295.0526,572.0,1353.33,584.0,1353.33,596.0,1295.0526,589.0,1223.1052,564.0,1151.158,543.0,1079.2106,538.0,1007.2631,589.0,935.3158,540.0,863.3684,561.0,791.421,699.0,719.4737,776.0,647.5263,729.0,575.579,804.0,503.63156,816.0,431.6842,770.0,359.73685,814.0,287.7895,785.0,215.8421,751.0,143.89474,560.0,71.94737,470.0,0.0,0.041666668,0.041666668,0.22671568,0.26838234,0.66544116,0.93382347,0.8627451,1.7965686,0.9142157,2.7107844,0.7941176,3.5049021,1.0,4.504902,0.8308824,5.3357844,0.5588235,5.894608,0.53063726,6.4252453,0.3492647,6.77451,0.13235295,6.9068627,0.16789216,7.0747547,0.13725491,7.2120094,0.18995099,7.4019604,0.015931373,7.417892,0.013480392,7.431372,0.013480392,7.4448524,0.012254902,7.457107,0.014705882,7.4718127,1
50-22-sha-4-2.tif391.0,0.0,236.0,63.68421,181.0,127.36842,106.0,191.05263,95.0,254.73685,12.0,318.42105,0.0,382.10526,128.0,445.78946,80.0,509.4737,313.0,573.1579,117.0,636.8421,327.0,700.5263,343.0,764.2105,337.0,827.8948,353.0,891.5789,355.0,955.2632,355.0,1018.9474,244.0,1082.6316,274.0,1146.3158,314.0,1197.9,315.0,1197.9,377.0,1146.3158,369.0,1082.6316,361.0,1018.9474,361.0,955.2632,505.0,891.5789,363.0,827.8948,407.0,764.2105,492.0,700.5263,497.0,636.8421,643.0,573.1579,616.0,509.4737,634.0,445.78946,767.0,382.10526,711.0,318.42105,808.0,254.73685,747.0,191.05263,569.0,127.36842,515.0,63.68421,473.0,0.0,0.10148515,0.10148515,0.34529704,0.44678217,0.48019803,0.9269802,0.79331684,1.7202971,0.8824257,2.602723,0.865099,3.4678218,0.94925743,4.4170794,0.62623763,5.043317,0.6633663,5.706683,0.40841585,6.115099,0.47029704,6.585396,0.20420793,6.7896037,0.07920792,6.8688116,0.03217822,6.90099,0.18811882,7.089109,0.0074257427,7.0965347,0.0074257427,7.1039605,0.15470298,7.2586637,0.12747525,7.386139,0.0012376237,7.3873763,1
50-22-sha-5-3.tif422.0,0.0,427.0,53.789474,291.0,107.57895,200.0,161.36841,150.0,215.1579,213.0,268.9474,93.0,322.73682,149.0,376.5263,77.0,430.3158,129.0,484.1053,169.0,537.8948,146.0,591.6842,147.0,645.47363,248.0,699.2632,347.0,753.0526,392.0,806.84216,381.0,860.6316,441.0,914.421,450.0,968.2106,447.0,1011.78,449.0,1011.78,451.0,968.2106,452.0,914.421,495.0,860.6316,468.0,806.84216,550.0,753.0526,706.0,699.2632,692.0,645.47363,696.0,591.6842,688.0,537.8948,638.0,484.1053,793.0,430.3158,734.0,376.5263,790.0,322.73682,780.0,268.9474,769.0,215.1579,655.0,161.36841,562.0,107.57895,500.0,53.789474,447.0,0.0,0.031210987,0.031210987,0.09113608,0.12234707,0.33832708,0.46067417,0.56803995,1.0287142,0.772784,1.8014982,0.7078652,2.5093634,0.8701623,3.3795257,0.7303371,4.109863,0.89388263,5.0037456,0.63545567,5.639201,0.6479401,6.2871413,0.6866417,6.973783,0.6803995,7.6541824,0.5717853,8.225967,0.2534332,8.479401,0.0948814,8.574282,0.1423221,8.716604,0.013732834,8.730337,0.0012484394,8.7315855,0.0024968788,8.734082,1
50-22-sha-6-4.tif421.0,0.0,288.0,69.68421,157.0,139.36842,132.0,209.05263,191.0,278.73685,119.0,348.42105,55.0,418.10526,104.0,487.78946,255.0,557.4737,269.0,627.1579,292.0,696.8421,382.0,766.5263,365.0,836.2105,387.0,905.8948,401.0,975.5789,428.0,1045.2632,425.0,1114.9474,425.0,1184.6316,421.0,1254.3158,421.0,1310.76,423.0,1310.76,428.0,1254.3158,427.0,1184.6316,430.0,1114.9474,434.0,1045.2632,423.0,975.5789,601.0,905.8948,444.0,836.2105,455.0,766.5263,475.0,696.8421,445.0,627.1579,740.0,557.4737,744.0,487.78946,819.0,418.10526,775.0,348.42105,712.0,278.73685,821.0,209.05263,785.0,139.36842,671.0,69.68421,451.0,0.0,0.036363635,0.036363635,0.46424243,0.50060606,0.7612121,1.2618182,0.8351515,2.0969696,0.63151515,2.7284846,0.79515153,3.523636,0.9260606,4.4496965,0.77575755,5.2254543,0.58787876,5.813333,0.21333334,6.026666,0.22181818,6.248484,0.088484846,6.336969,0.095757574,6.4327264,0.25939393,6.6921206,0.026666667,6.718787,0.0072727273,6.72606,0.006060606,6.7321205,0.0024242424,6.7345448,0.008484849,6.7430296,0.0024242424,6.745454,1
50-22-sha-7-5.tif394.0,0.0,254.0,74.52631,113.0,149.05263,139.0,223.57893,20.0,298.10526,93.0,372.6316,78.0,447.15787,1.0,521.6842,130.0,596.2105,170.0,670.7369,287.0,745.2632,368.0,819.7895,382.0,894.31573,262.0,968.8421,400.0,1043.3684,453.0,1117.8948,486.0,1192.421,373.0,1266.9474,481.0,1341.4738,463.0,1401.84,472.0,1401.84,492.0,1341.4738,485.0,1266.9474,495.0,1192.421,485.0,1117.8948,541.0,1043.3684,462.0,968.8421,488.0,894.31573,486.0,819.7895,575.0,745.2632,510.0,670.7369,759.0,596.2105,690.0,521.6842,803.0,447.15787,794.0,372.6316,734.0,298.10526,794.0,223.57893,645.0,149.05263,578.0,74.52631,455.0,0.0,0.0747549,0.0747549,0.3970588,0.4718137,0.6519608,1.1237745,0.80269605,1.9264705,0.875,2.8014705,0.85906863,3.6605392,0.88848037,4.5490193,0.84436274,5.393382,0.7708333,6.1642156,0.41666666,6.580882,0.3529412,6.933823,0.14460784,7.078431,0.12990196,7.208333,0.24509804,7.453431,0.17279412,7.6262255,0.039215688,7.665441,0.011029412,7.6764703,0.13725491,7.813725,0.013480392,7.827205,0.011029412,7.8382344,1
59-22-bay-2-1.tif285.0,0.0,270.0,88.36842,230.0,176.73685,194.0,265.10526,161.0,353.4737,113.0,441.84213,134.0,530.2105,59.0,618.5789,97.0,706.9474,37.0,795.3158,128.0,883.68427,115.0,972.0526,188.0,1060.421,201.0,1148.7896,211.0,1237.1578,266.0,1325.5264,276.0,1413.8948,243.0,1502.2632,200.0,1590.6316,184.0,1662.21,193.0,1662.21,216.0,1590.6316,273.0,1502.2632,290.0,1413.8948,294.0,1325.5264,307.0,1237.1578,310.0,1148.7896,401.0,1060.421,525.0,972.0526,591.0,883.68427,626.0,795.3158,658.0,706.9474,648.0,618.5789,650.0,530.2105,613.0,441.84213,511.0,353.4737,511.0,265.10526,382.0,176.73685,382.0,88.36842,354.0,0.0,0.10222222,0.10222222,0.16592592,0.26814812,0.22518519,0.4933333,0.46962962,0.9629629,0.5185185,1.4814814,0.7407407,2.222222,0.7644445,2.9866667,0.87259257,3.8592591,0.83111113,4.69037,0.87259257,5.5629625,0.6859259,6.2488885,0.6074074,6.856296,0.31555554,7.1718516,0.16148148,7.333333,0.14222223,7.4755554,0.04148148,7.517037,0.02074074,7.5377774,0.044444446,7.582222,0.023703704,7.6059256,0.013333334,7.619259,1
59-22-bay-3-1.tif322.0,0.0144300135,298.0,72.63158,253.0,145.26315,203.0,217.89473,157.0,290.5263,92.0,363.1579,56.0,435.78946,29.0,508.42105,4.0,581.0526,119.0,653.6842,128.0,726.3158,111.0,798.9474,103.0,871.5789,131.0,944.2106,187.0,1016.8421,214.0,1089.4738,229.0,1162.1052,227.0,1234.7368,272.0,1307.3684,285.0,1366.2,286.0,1366.2,305.0,1307.3684,350.0,1234.7368,409.0,1162.1052,451.0,1089.4738,513.0,1016.8421,492.0,944.2106,544.0,871.5789,539.0,798.9474,554.0,726.3158,561.0,653.6842,537.0,581.0526,612.0,508.42105,627.0,435.78946,609.0,363.1579,529.0,290.5263,512.0,217.89473,423.0,145.26315,404.0,72.63158,380.0,0.0144300135,0.09220985,0.09220985,0.16852146,0.2607313,0.27027026,0.53100157,0.49125597,1.0222576,0.5914149,1.6136725,0.8219396,2.4356122,0.9077901,3.3434024,0.926868,4.2702703,0.84737676,5.117647,0.7027027,5.8203497,0.6772655,6.4976153,0.68044513,7.1780605,0.70111287,7.8791733,0.57392687,8.4531,0.518283,8.971383,0.37678856,9.348171,0.28616852,9.634339,0.19554849,9.829887,0.052464228,9.882352,0.0015898251,9.883942,1
59-22-bay-4-1.tif179.0,0.0,140.0,78.52631,120.0,157.05263,114.0,235.57893,86.0,314.10526,105.0,392.6316,80.0,471.15787,49.0,549.6842,43.0,628.2105,2.0,706.7369,17.0,785.2632,59.0,863.7895,150.0,942.31573,116.0,1020.8421,147.0,1099.3684,172.0,1177.8948,196.0,1256.421,231.0,1334.9474,266.0,1413.4738,281.0,1477.08,291.0,1477.08,303.0,1413.4738,330.0,1334.9474,352.0,1256.421,375.0,1177.8948,403.0,1099.3684,423.0,1020.8421,399.0,942.31573,393.0,863.7895,493.0,785.2632,516.0,706.7369,500.0,628.2105,403.0,549.6842,480.0,471.15787,411.0,392.6316,361.0,314.10526,364.0,235.57893,317.0,157.05263,266.0,78.52631,231.0,0.0,0.10058027,0.10058027,0.24371374,0.344294,0.38104448,0.72533846,0.48355898,1.2088975,0.5319149,1.7408123,0.5918762,2.3326886,0.7736944,3.1063828,0.68471956,3.7911024,0.8839458,4.6750484,0.9941973,5.6692457,0.9206963,6.589942,0.64603484,7.2359767,0.48162475,7.7176013,0.59381044,8.311412,0.49516442,8.806577,0.3926499,9.199226,0.30174083,9.500967,0.19148937,9.692456,0.07156673,9.764023,0.01934236,9.783365,1
59-22-bay-6-1.tif190.0,0.0,176.0,92.1579,87.0,184.3158,90.0,276.47366,84.0,368.6316,91.0,460.7895,17.0,552.9473,128.0,645.1052,125.0,737.2632,103.0,829.4211,176.0,921.579,121.0,1013.7368,183.0,1105.8947,200.0,1198.0526,211.0,1290.2104,223.0,1382.3685,232.0,1474.5264,226.0,1566.6842,218.0,1658.8422,219.0,1733.49,229.0,1733.49,230.0,1658.8422,290.0,1566.6842,243.0,1474.5264,354.0,1382.3685,281.0,1290.2104,251.0,1198.0526,352.0,1105.8947,387.0,1013.7368,464.0,921.579,518.0,829.4211,526.0,737.2632,447.0,645.1052,419.0,552.9473,412.0,460.7895,401.0,368.6316,353.0,276.47366,322.0,184.3158,316.0,92.1579,262.0,0.0,0.13688213,0.13688213,0.26615968,0.4030418,0.44676808,0.8498099,0.5,1.3498099,0.6026616,1.9524715,0.61026615,2.5627377,0.76425856,3.3269963,0.60646385,3.9334602,0.7623574,4.6958175,0.7889734,5.484791,0.5475285,6.032319,0.50570345,6.5380225,0.3212928,6.8593154,0.096958175,6.9562736,0.13307984,7.0893536,0.24904943,7.3384027,0.020912547,7.3593154,0.121673,7.4809885,0.022813689,7.5038023,0.019011406,7.522814,1
59-22-col-1-1.tif357.0,0.0,257.0,55.157894,188.0,110.31579,220.0,165.47368,178.0,220.63158,143.0,275.7895,114.0,330.94736,99.0,386.10526,28.0,441.26315,0.0,496.42105,118.0,551.579,69.0,606.7368,69.0,661.8947,234.0,717.0527,253.0,772.2105,297.0,827.36847,366.0,882.5263,346.0,937.6842,384.0,992.8421,394.0,1037.52,402.0,1037.52,401.0,992.8421,396.0,937.6842,407.0,882.5263,443.0,827.36847,491.0,772.2105,506.0,717.0527,632.0,661.8947,621.0,606.7368,635.0,551.579,708.0,496.42105,731.0,441.26315,709.0,386.10526,659.0,330.94736,630.0,275.7895,526.0,220.63158,479.0,165.47368,438.0,110.31579,415.0,55.157894,390.0,0.0,0.045143638,0.045143638,0.21614227,0.2612859,0.34199727,0.60328317,0.35430917,0.95759237,0.47606018,1.4336525,0.66621065,2.099863,0.74555403,2.845417,0.8344733,3.6798904,0.9616963,4.641587,0.96853626,5.610123,0.70725036,6.3173733,0.75512993,7.072503,0.77017784,7.842681,0.37209302,8.214774,0.3255814,8.540356,0.1997264,8.740082,0.05608755,8.796169,0.06839945,8.864569,0.023255814,8.887824,0.010943913,8.898768,1
59-22-col-3-1.tif248.0,0.0144300135,222.0,47.63158,193.0,95.26316,179.0,142.89473,121.0,190.52632,66.0,238.1579,42.0,285.78946,29.0,333.42105,0.0,381.05264,36.0,428.68423,105.0,476.3158,96.0,523.9474,46.0,571.5789,211.0,619.2105,87.0,666.8421,236.0,714.4737,257.0,762.1053,270.0,809.7368,0.0,857.36847,259.0,895.95,260.0,895.95,525.0,857.36847,298.0,809.7368,268.0,762.1053,358.0,714.4737,383.0,666.8421,426.0,619.2105,402.0,571.5789,393.0,523.9474,507.0,476.3158,508.0,428.68423,452.0,381.05264,424.0,333.42105,402.0,285.78946,417.0,238.1579,416.0,190.52632,371.0,142.89473,342.0,95.26316,302.0,47.63158,263.0,0.0144300135,0.028571429,0.028571429,0.15238096,0.18095239,0.2838095,0.4647619,0.36571428,0.83047616,0.5619048,1.392381,0.6685714,2.0609524,0.6857143,2.7466667,0.75238097,3.4990478,0.8609524,4.36,0.8990476,5.2590475,0.7657143,6.0247617,0.5657143,6.590476,0.6780952,7.2685714,0.40952381,7.6780953,0.5638095,8.241905,0.23238096,8.474286,0.020952381,8.495238,0.053333335,8.548572,1.0,9.548572,0.0019047619,9.550476,1
59-22-col-4-1.tif282.0,0.0,205.0,52.421055,98.0,104.84211,26.0,157.26315,73.0,209.68422,40.0,262.1053,15.0,314.5263,62.0,366.94736,37.0,419.36844,70.0,471.7895,67.0,524.2106,57.0,576.6316,35.0,629.0526,23.0,681.4737,1.0,733.8947,182.0,786.3158,217.0,838.7369,192.0,891.1579,266.0,943.579,270.0,986.04,274.0,986.04,273.0,943.579,273.0,891.1579,359.0,838.7369,375.0,786.3158,387.0,733.8947,572.0,681.4737,649.0,629.0526,631.0,576.6316,626.0,524.2106,654.0,471.7895,638.0,419.36844,587.0,366.94736,577.0,314.5263,559.0,262.1053,494.0,209.68422,468.0,157.26315,420.0,104.84211,359.0,52.421055,345.0,0.0,0.09633028,0.09633028,0.235474,0.33180428,0.49235475,0.824159,0.675841,1.5,0.6437309,2.1437309,0.79357797,2.9373088,0.8593272,3.796636,0.8027523,4.5993886,0.9189603,5.5183487,0.8929664,6.411315,0.8547401,7.266055,0.87767583,8.143731,0.93883795,9.082569,0.8394495,9.922019,0.5902141,10.512233,0.29510704,10.80734,0.21712539,11.024465,0.123853214,11.148318,0.010703363,11.159021,0.006116208,11.165137,1
59-22-col-5-1.tif335.0,0.0,286.0,59.263157,262.0,118.52631,208.0,177.78946,187.0,237.05263,90.0,296.3158,88.0,355.57892,0.0,414.8421,119.0,474.10526,52.0,533.3684,4.0,592.6316,91.0,651.8947,34.0,711.15784,109.0,770.4211,150.0,829.6842,197.0,888.9474,226.0,948.2105,300.0,1007.4737,0.0,1066.7368,289.0,1114.74,292.0,1114.74,652.0,1066.7368,311.0,1007.4737,369.0,948.2105,381.0,888.9474,624.0,829.6842,637.0,770.4211,605.0,711.15784,647.0,651.8947,627.0,592.6316,649.0,533.3684,596.0,474.10526,644.0,414.8421,637.0,355.57892,606.0,296.3158,537.0,237.05263,474.0,177.78946,422.0,118.52631,382.0,59.263157,353.0,0.0,0.027607363,0.027607363,0.14723927,0.17484663,0.24539877,0.4202454,0.40797547,0.82822084,0.5368098,1.3650306,0.79141104,2.1564417,0.84202456,2.9984663,0.9877301,3.9861963,0.7315951,4.7177916,0.91564417,5.6334357,0.95552146,6.5889573,0.85276073,7.441718,0.8757669,8.317485,0.80981594,9.127301,0.72699386,9.854295,0.2822086,10.136503,0.21932516,10.355828,0.016871165,10.3727,1.0,11.3727,0.004601227,11.377301,1
59-22-col-6-1.tif325.0,0.0,315.0,60.157894,256.0,120.31579,136.0,180.47368,95.0,240.63158,53.0,300.7895,90.0,360.94736,82.0,421.10526,28.0,481.26315,3.0,541.4211,218.0,601.579,217.0,661.7368,180.0,721.8947,137.0,782.0527,216.0,842.2105,274.0,902.36847,274.0,962.5263,307.0,1022.6842,297.0,1082.8422,299.0,1131.57,302.0,1131.57,303.0,1082.8422,321.0,1022.6842,333.0,962.5263,340.0,902.36847,366.0,842.2105,388.0,782.0527,590.0,721.8947,645.0,661.7368,648.0,601.579,682.0,541.4211,610.0,481.26315,577.0,421.10526,543.0,360.94736,562.0,300.7895,497.0,240.63158,463.0,180.47368,378.0,120.31579,360.0,60.157894,335.0,0.0,0.014662757,0.014662757,0.0659824,0.08064516,0.17888562,0.25953078,0.47947213,0.73900294,0.5894428,1.3284457,0.7463343,2.07478,0.6642229,2.739003,0.7258065,3.4648094,0.85337245,4.318182,0.9956012,5.313783,0.6304985,5.9442816,0.627566,6.5718474,0.60117304,7.1730204,0.3680352,7.5410557,0.21994135,7.760997,0.09677419,7.857771,0.08651026,7.944281,0.02052786,7.964809,0.008797654,7.9736066,0.004398827,7.9780054,1
59-22-sha-1-1.tif307.0,0.0,219.0,67.10526,145.0,134.21053,28.0,201.31578,41.0,268.42105,151.0,335.52634,92.0,402.63156,104.0,469.73685,198.0,536.8421,125.0,603.9474,206.0,671.0527,301.0,738.1579,312.0,805.2631,286.0,872.3684,298.0,939.4737,325.0,1006.579,348.0,1073.6842,379.0,1140.7894,402.0,1207.8948,416.0,1262.25,427.0,1262.25,432.0,1207.8948,396.0,1140.7894,493.0,1073.6842,346.0,1006.579,335.0,939.4737,587.0,872.3684,599.0,805.2631,613.0,738.1579,679.0,671.0527,624.0,603.9474,723.0,536.8421,702.0,469.73685,690.0,402.63156,656.0,335.52634,575.0,268.42105,447.0,201.31578,399.0,134.21053,385.0,67.10526,330.0,0.0,0.031811897,0.031811897,0.2295989,0.2614108,0.35131398,0.6127248,0.57952976,1.1922545,0.7385892,1.9308438,0.6984786,2.6293225,0.8271093,3.4564319,0.8271093,4.283541,0.7261411,5.009682,0.6901798,5.699862,0.65421855,6.3540807,0.43153527,6.785616,0.39695713,7.182573,0.4163209,7.5988936,0.051175658,7.650069,0.029045643,7.679115,0.20055325,7.879668,0.02351314,7.9031816,0.041493777,7.9446754,0.0152143845,7.95989,1
59-22-sha-2-1.tif379.0,0.0,264.0,82.052635,241.0,164.10527,115.0,246.15788,45.0,328.21054,37.0,410.26318,5.0,492.31577,0.0,574.3684,53.0,656.4211,11.0,738.4737,341.0,820.52637,417.0,902.5789,433.0,984.63153,475.0,1066.6842,498.0,1148.7368,505.0,1230.7896,540.0,1312.8422,549.0,1394.8947,549.0,1476.9474,543.0,1543.41,550.0,1543.41,559.0,1476.9474,619.0,1394.8947,552.0,1312.8422,526.0,1230.7896,537.0,1148.7368,555.0,1066.6842,543.0,984.63153,586.0,902.5789,612.0,820.52637,774.0,738.4737,721.0,656.4211,817.0,574.3684,785.0,492.31577,762.0,410.26318,829.0,328.21054,829.0,246.15788,781.0,164.10527,729.0,82.052635,568.0,0.0,0.22798553,0.22798553,0.5609168,0.7889023,0.6513872,1.4402895,0.86127865,2.301568,0.94571775,3.2472858,0.87454766,4.1218333,0.94089264,5.062726,0.9855247,6.0482507,0.8057901,6.8540406,0.920386,7.7744265,0.3268999,8.101326,0.20386007,8.305186,0.13268998,8.437877,0.09650181,8.534378,0.04704463,8.581423,0.025331724,8.606754,0.014475271,8.621229,0.084439084,8.705668,0.012062727,8.717731,0.008443909,8.726175,1
59-22-sha-3-1.tif397.0,0.0,340.0,78.31579,241.0,156.63158,153.0,234.94736,42.0,313.26315,0.0,391.57895,150.0,469.8947,88.0,548.2105,73.0,626.5263,97.0,704.8421,199.0,783.1579,262.0,861.4737,357.0,939.7894,380.0,1018.1053,391.0,1096.421,407.0,1174.7369,435.0,1253.0526,447.0,1331.3684,460.0,1409.6842,465.0,1473.12,474.0,1473.12,502.0,1409.6842,465.0,1331.3684,445.0,1253.0526,446.0,1174.7369,524.0,1096.421,489.0,1018.1053,531.0,939.7894,534.0,861.4737,526.0,783.1579,639.0,704.8421,787.0,626.5263,795.0,548.2105,738.0,469.8947,804.0,391.57895,738.0,313.26315,672.0,234.94736,575.0,156.63158,610.0,78.31579,485.0,0.0,0.10653753,0.10653753,0.32687652,0.43341404,0.40435836,0.83777237,0.6283293,1.4661016,0.842615,2.3087168,0.9733656,3.2820823,0.7118644,3.9939468,0.8559322,4.849879,0.86440676,5.7142854,0.65617436,6.3704596,0.39588377,6.766343,0.3292978,7.095641,0.21065375,7.306295,0.13196126,7.4382563,0.16101696,7.599273,0.047215495,7.6464887,0.012106538,7.658595,0.021791767,7.680387,0.050847456,7.7312346,0.010895884,7.7421303,1
59-22-sha-4-1.tif405.0,0.0,378.0,78.63158,231.0,157.26315,180.0,235.89473,99.0,314.5263,39.0,393.1579,9.0,471.78946,9.0,550.421,0.0,629.0526,158.0,707.6842,249.0,786.3158,188.0,864.9474,168.0,943.5789,431.0,1022.2106,254.0,1100.842,405.0,1179.4738,475.0,1258.1052,473.0,1336.7368,471.0,1415.3684,460.0,1479.06,510.0,1479.06,482.0,1415.3684,486.0,1336.7368,513.0,1258.1052,507.0,1179.4738,645.0,1100.842,502.0,1022.2106,688.0,943.5789,579.0,864.9474,586.0,786.3158,702.0,707.6842,799.0,629.0526,828.0,550.421,800.0,471.78946,725.0,393.1579,634.0,314.5263,578.0,235.89473,482.0,157.26315,424.0,78.63158,412.0,0.0,0.008443909,0.008443909,0.05548854,0.06393245,0.30277443,0.36670688,0.4800965,0.84680337,0.6453558,1.4921591,0.827503,2.319662,0.95416164,3.2738237,0.9879373,4.261761,0.9638118,5.225573,0.65621233,5.8817854,0.40651387,6.288299,0.4716526,6.7599516,0.62726176,7.387213,0.085645355,7.4728584,0.4716526,7.944511,0.123039804,8.067551,0.04583836,8.113389,0.015681544,8.12907,0.013268999,8.14234,0.06031363,8.202653,1
59-22-sha-5-1.tif382.0,0.0,321.0,81.052635,124.0,162.10527,93.0,243.15788,47.0,324.21054,5.0,405.26318,52.0,486.31577,0.0,567.3684,8.0,648.4211,24.0,729.4737,258.0,810.52637,264.0,891.5789,414.0,972.63153,172.0,1053.6842,413.0,1134.7368,406.0,1215.7896,447.0,1296.8422,441.0,1377.8947,403.0,1458.9474,394.0,1524.6,403.0,1524.6,431.0,1458.9474,459.0,1377.8947,463.0,1296.8422,495.0,1215.7896,497.0,1134.7368,560.0,1053.6842,575.0,972.63153,582.0,891.5789,676.0,810.52637,803.0,729.4737,791.0,648.4211,810.0,567.3684,719.0,486.31577,791.0,405.26318,816.0,324.21054,816.0,243.15788,750.0,162.10527,595.0,81.052635,477.0,0.0,0.116421565,0.116421565,0.33578432,0.4522059,0.76715684,1.2193627,0.8860294,2.1053922,0.94240195,3.047794,0.9632353,4.0110292,0.81740195,4.828431,0.99264705,5.8210783,0.95955884,6.7806373,0.95465684,7.7352943,0.5122549,8.247549,0.3897059,8.637255,0.19730392,8.8345585,0.47549018,9.310049,0.10294118,9.412991,0.109068625,9.522059,0.019607844,9.541667,0.022058824,9.563725,0.034313727,9.59804,0.011029412,9.609069,1
59-22-sha-6-1.tif300.0,0.0,268.0,64.0,202.0,128.0,94.0,192.0,26.0,256.0,74.0,320.0,65.0,384.0,24.0,448.0,1.0,512.0,19.0,576.0,15.0,640.0,53.0,704.0,170.0,768.0,238.0,832.0,214.0,896.0,224.0,960.00006,219.0,1024.0,237.0,1088.0,228.0,1152.0,227.0,1203.84,234.0,1203.84,236.0,1152.0,261.0,1088.0,254.0,1024.0,306.0,960.00006,395.0,896.0,366.0,832.0,552.0,768.0,580.0,704.0,577.0,640.0,570.0,576.0,541.0,512.0,583.0,448.0,695.0,384.0,578.0,320.0,527.0,256.0,601.0,192.0,431.0,128.0,388.0,64.0,376.0,0.0,0.10810811,0.10810811,0.17069702,0.27880514,0.3257468,0.6045519,0.72119486,1.3257468,0.71266,2.0384068,0.71692747,2.7553344,0.8961593,3.6514935,0.7951636,4.446657,0.76813656,5.2147937,0.7837838,5.9985776,0.799431,6.7980084,0.7496444,7.5476527,0.5433855,8.091038,0.18207681,8.273114,0.257468,8.530582,0.11664296,8.647225,0.049786627,8.697012,0.034139402,8.731152,0.011379801,8.742532,0.009957326,8.752489,1
